TotRmsAbvGrd,YearBuilt,LandContour,BsmtFinSF1,GarageCars,1stFlrSF,TotalBsmtSF,2ndFlrSF,GrLivArea,OverallQual,Saleprice
8,2003,Lvl,706,2,856,856,854,1710,7,208500
6,1976,Lvl,978,2,1262,1262,0,1262,6,181500
6,2001,Lvl,486,2,920,920,866,1786,7,223500
7,1915,Lvl,216,3,961,756,756,1717,7,140000
9,2000,Lvl,655,3,1145,1145,1053,2198,8,250000
5,1993,Lvl,732,2,796,796,566,1362,5,143000
7,2004,Lvl,1369,2,1694,1686,0,1694,8,307000
7,1973,Lvl,859,2,1107,1107,983,2090,7,200000
8,1931,Lvl,0,2,1022,952,752,1774,7,129900
5,1939,Lvl,851,1,1077,991,0,1077,5,118000
5,1965,Lvl,906,1,1040,1040,0,1040,5,129500
11,2005,Lvl,998,3,1182,1175,1142,2324,9,345000
4,1962,Lvl,737,1,912,912,0,912,5,144000
7,2006,Lvl,0,3,1494,1494,0,1494,7,279500
5,1960,Lvl,733,1,1253,1253,0,1253,6,157000
5,1929,Lvl,0,2,854,832,0,854,7,132000
5,1970,Lvl,578,2,1004,1004,0,1004,6,149000
6,1967,Lvl,0,2,1296,0,0,1296,4,90000
6,2004,Lvl,646,2,1114,1114,0,1114,5,159000
6,1958,Lvl,504,1,1339,1029,0,1339,5,139000
9,2005,Lvl,0,3,1158,1158,1218,2376,8,325300
6,1930,Bnk,0,1,1108,637,0,1108,7,139400
7,2002,Lvl,0,2,1795,1777,0,1795,8,230000
6,1976,Lvl,840,2,1060,1040,0,1060,5,129900
6,1968,Lvl,188,1,1060,1060,0,1060,5,154000
7,2007,Lvl,0,3,1600,1566,0,1600,8,256300
5,1951,Lvl,234,2,900,900,0,900,5,134800
7,2007,Lvl,1218,3,1704,1704,0,1704,8,306000
6,1957,Lvl,1277,1,1600,1484,0,1600,5,207500
4,1927,Lvl,0,1,520,520,0,520,4,68500
6,1920,Lvl,0,1,649,649,668,1317,4,40000
6,1966,Lvl,0,1,1228,1228,0,1228,5,149350
7,2007,Lvl,0,2,1234,1234,0,1234,8,179900
6,1959,Lvl,1018,2,1700,1398,0,1700,5,165500
6,2005,Lvl,1153,2,1561,1561,0,1561,9,277500
9,2004,Lvl,0,3,1132,1117,1320,2452,8,309000
6,1994,Lvl,0,2,1097,1097,0,1097,5,145000
5,1954,Lvl,1213,2,1297,1297,0,1297,5,153000
5,1953,Lvl,731,1,1057,1057,0,1057,5,109000
6,1955,Lvl,0,0,1152,0,0,1152,4,82000
6,1965,Lvl,643,2,1324,1088,0,1324,6,160000
5,1959,Lvl,967,1,1328,1350,0,1328,5,170000
5,1983,Lvl,747,2,884,840,0,884,5,144000
5,1975,Lvl,280,1,938,938,0,938,5,130250
6,1959,Lvl,179,1,1150,1150,0,1150,5,141000
6,2005,Lvl,456,2,1752,1752,0,1752,9,319900
6,2003,Lvl,1351,2,1518,1434,631,2149,7,239686
7,2006,Lvl,24,3,1656,1656,0,1656,8,249700
8,1920,Lvl,0,0,736,736,716,1452,4,113000
6,1966,Lvl,763,1,955,955,0,955,5,127000
6,1997,Lvl,182,2,794,794,676,1470,6,177000
6,1934,Lvl,0,2,816,816,0,1176,6,114500
5,1963,Bnk,104,2,816,816,0,816,5,110000
5,1981,Low,1810,3,1842,1842,0,1842,9,385000
6,1955,Bnk,384,2,1360,384,0,1360,5,130000
7,1964,Lvl,490,2,1425,1425,0,1425,6,180500
7,1999,Lvl,649,2,983,970,756,1739,8,172500
7,2004,Lvl,0,2,860,860,860,1720,7,196500
10,2006,HLS,0,3,1426,1410,1519,2945,10,438780
4,1972,Bnk,632,1,780,780,0,780,5,124900
5,2004,Lvl,941,2,1158,1158,0,1158,6,158000
6,1920,Lvl,0,1,581,530,530,1111,5,101000
6,2006,Lvl,24,2,1370,1370,0,1370,8,202500
9,1921,Bnk,0,2,902,576,808,1710,7,140000
8,1997,Lvl,739,2,1057,1057,977,2034,7,219500
9,2004,Lvl,0,3,1143,1143,1330,2473,8,317000
7,1970,Lvl,912,2,2207,1947,0,2207,7,180000
7,2003,Lvl,1013,2,1479,1453,0,1479,7,226000
4,1945,Lvl,0,1,747,747,0,747,4,80000
7,1953,Lvl,603,2,1304,1304,983,2287,7,225000
8,1973,Lvl,1880,2,2223,2223,0,2223,7,244000
4,1982,Lvl,565,2,845,845,0,845,4,129500
7,1998,Lvl,0,2,885,832,833,1718,7,185000
6,1954,Lvl,320,2,1086,1086,0,1086,5,144900
8,1915,Lvl,0,1,840,840,765,1605,3,107400
5,1973,Lvl,462,1,526,462,462,988,4,91000
4,1956,Lvl,228,1,952,952,0,952,4,135750
6,1948,Lvl,336,1,1072,672,213,1285,5,127000
8,1968,Lvl,0,0,1768,1768,0,1768,4,136500
5,1910,Lvl,0,2,682,440,548,1230,5,110000
8,1968,Lvl,448,1,1182,896,960,2142,6,193500
5,1998,Lvl,1201,2,1337,1237,0,1337,6,153500
6,2007,Lvl,33,3,1563,1563,0,1563,8,245000
6,1960,Lvl,0,2,1065,1065,0,1065,5,126500
7,1995,Lvl,0,2,804,384,670,1474,7,168500
9,1991,Lvl,0,2,1301,1288,1116,2417,8,260000
6,2005,Lvl,0,2,684,684,876,1560,6,174000
4,2009,Lvl,0,2,612,612,612,1224,6,164500
6,1915,Lvl,0,0,1013,1013,0,1526,3,85000
5,1994,Lvl,588,0,990,990,0,990,4,123600
4,1950,Lvl,0,2,1040,0,0,1040,4,109900
6,1961,Lvl,600,2,1235,1235,0,1235,5,98600
5,1921,HLS,713,2,964,876,0,964,5,163500
9,1910,Lvl,1046,2,1260,1214,1031,2291,6,133900
7,1997,Lvl,648,2,905,824,881,1786,6,204750
6,1993,Lvl,310,2,680,680,790,1470,6,185000
6,1999,Lvl,1162,2,1588,1588,0,1588,7,214000
6,1965,HLS,520,1,960,960,0,960,4,94750
5,1920,Lvl,108,1,835,458,0,835,5,83000
6,1959,Lvl,569,0,1225,950,0,1225,4,128950
6,1977,Lvl,1200,2,1610,1610,0,1610,6,205000
7,1985,Lvl,0,2,977,741,755,1732,6,178000
8,1979,Bnk,0,2,1535,0,0,1535,5,118964
6,2009,Lvl,0,3,1226,1226,0,1226,7,198900
7,1931,Lvl,224,1,1226,1040,592,1818,7,169500
9,2003,Lvl,0,2,1053,1053,939,1992,8,250000
6,1885,Lvl,0,1,1047,641,0,1047,4,100000
5,1948,Lvl,104,1,789,789,0,789,5,115000
7,1919,Lvl,0,0,997,793,520,1517,5,115000
7,1977,Lvl,705,2,1844,1844,0,1844,6,190000
7,1954,Lvl,444,1,1216,994,639,1855,6,136900
7,2000,Lvl,250,2,774,384,656,1430,7,180000
10,2007,Lvl,984,3,1282,1264,1414,2696,7,383970
7,1953,Bnk,35,2,2259,1809,0,2259,6,217000
9,1945,Lvl,774,1,1436,1028,884,2320,6,259500
5,1999,Lvl,419,2,729,729,729,1458,6,176000
6,1962,Lvl,170,1,1092,1092,0,1092,5,139000
5,2006,Lvl,0,2,1125,1125,0,1125,5,155000
11,1990,Lvl,1470,3,1699,1673,1523,3222,7,320000
8,2005,Lvl,0,2,728,728,728,1456,6,163990
4,1969,Low,938,2,988,938,0,988,6,180000
4,1939,Lvl,0,1,772,732,351,1123,4,100000
5,1958,Lvl,570,1,1080,1080,0,1080,6,136000
5,1993,Lvl,300,2,1199,1199,0,1199,6,153900
7,1979,Lvl,0,2,1586,1362,0,1586,6,181000
5,1935,Lvl,490,0,520,520,0,754,6,84500
5,1976,Lvl,120,2,958,1078,0,958,6,128000
5,1930,Bnk,116,0,840,672,0,840,5,87000
6,1966,Lvl,512,2,660,660,688,1348,6,155000
6,1958,Lvl,567,2,1053,1008,0,1053,5,150000
8,1966,Lvl,445,2,1216,924,941,2157,7,226000
7,2000,Lvl,695,2,1022,992,1032,2054,6,244000
7,1959,Lvl,405,2,1327,1063,0,1327,5,150750
6,2001,Lvl,1005,2,1296,1267,0,1296,8,220000
7,1968,Lvl,570,2,1721,1461,0,1721,5,180000
7,1970,Lvl,0,2,1682,1304,0,1682,7,174000
5,1967,Lvl,695,1,1214,1214,0,1214,5,143000
9,1988,Lvl,0,3,1959,1907,0,1959,7,171000
7,1999,Lvl,668,3,1004,1004,848,1852,8,230000
7,1997,Lvl,821,2,928,928,836,1764,6,231500
5,1971,Lvl,432,0,864,864,0,864,4,115000
7,2005,Lvl,1300,2,1734,1734,0,1734,7,260000
6,1952,Lvl,507,2,910,910,475,1385,5,166000
6,1999,Lvl,679,2,1501,1490,0,1501,7,204000
10,1963,Lvl,1332,2,1728,1728,0,1728,5,125000
7,2004,Lvl,0,2,970,970,739,1709,6,130000
5,1931,Lvl,209,1,875,715,0,875,5,105000
8,2001,Lvl,0,2,884,884,1151,2035,7,222500
6,2004,Lvl,680,0,1080,1080,0,1080,7,141000
7,1936,Lvl,0,1,896,896,448,1344,5,115000
5,1975,Lvl,716,2,969,969,0,969,5,122000
6,2007,Lvl,1400,3,1710,1710,0,1710,8,372402
8,1971,Lvl,416,2,1097,825,896,1993,6,190000
4,1960,Lvl,429,2,1252,1602,0,1252,6,235000
7,1923,Lvl,0,1,1200,1200,0,1200,6,125000
5,1924,Lvl,0,0,572,572,524,1096,6,79000
5,1950,Lvl,0,2,1040,0,0,1040,5,109500
8,2009,Lvl,0,3,774,774,1194,1968,8,269500
8,2004,Lvl,222,2,991,991,956,1947,7,254900
9,2005,HLS,57,2,1392,1392,1070,2462,7,320000
6,1984,Lvl,660,2,1232,1232,0,1232,6,162500
10,2003,Lvl,1016,3,1572,1572,1096,2668,9,412500
7,2005,Lvl,1201,2,1541,1541,0,1541,7,220000
4,1956,Lvl,0,0,882,882,0,882,4,103200
5,1926,Lvl,370,1,1149,1149,467,1616,6,152000
6,1940,Lvl,351,0,808,644,547,1355,5,127500
7,1955,Lvl,379,1,1867,1617,0,1867,5,190000
8,2007,Lvl,1288,3,1610,1582,551,2161,8,325624
7,2004,Lvl,0,2,840,840,880,1720,7,183500
6,1981,Lvl,0,2,1707,1686,0,1707,8,228000
7,1941,Lvl,360,2,854,720,0,1382,5,128500
7,1960,Lvl,639,2,1656,1080,0,1656,6,215000
5,1987,Lvl,495,2,1064,1064,703,1767,7,239000
6,1961,Lvl,288,2,1362,1362,0,1362,6,163000
7,1986,Lvl,1398,2,1651,1606,0,1651,6,184000
7,1950,Lvl,477,2,2158,1202,0,2158,6,243000
8,1988,Lvl,831,2,1164,1151,896,2060,6,211000
8,1958,Lvl,57,2,1252,1052,668,1920,5,172500
9,2008,Lvl,1904,3,2234,2216,0,2234,9,501837
5,1923,Lvl,0,2,968,968,0,968,5,100000
5,2000,Lvl,436,2,769,756,756,1525,6,177000
9,1920,Lvl,352,1,901,793,901,1802,7,200100
7,1957,Lvl,0,1,1340,0,0,1340,5,120000
6,2003,Lvl,0,2,1362,1362,720,2082,7,200000
5,1908,Lvl,0,2,936,504,316,1252,5,127000
12,1892,Lvl,0,3,1518,1107,1518,3608,10,475000
6,1990,Lvl,611,2,1217,1188,0,1217,7,173000
8,1916,Lvl,0,1,808,660,704,1656,5,135000
6,1979,Bnk,1086,2,1224,1086,0,1224,5,153337
5,2001,Lvl,1153,2,1593,1593,0,1593,8,286000
10,1932,Bnk,297,2,1549,853,1178,2727,8,315000
7,1972,Lvl,626,2,725,725,754,1479,7,184000
6,1999,Lvl,560,2,1431,1431,0,1431,7,192000
7,2004,Lvl,0,2,970,970,739,1709,7,130000
5,1972,Lvl,390,1,864,864,0,864,5,127000
7,1976,Lvl,566,2,855,855,601,1456,6,148500
8,2007,Lvl,1126,3,1726,1726,0,1726,7,311872
8,1918,Lvl,1036,2,1360,1360,1360,3112,8,235000
8,1912,Lvl,0,0,929,755,929,2229,6,104000
7,2004,Lvl,1088,3,1713,1713,0,1713,8,274900
5,2003,Lvl,0,2,1121,1121,0,1121,4,140000
6,1977,Lvl,641,2,1279,1196,0,1279,6,171500
6,1924,Lvl,617,1,865,617,445,1310,6,112000
3,2004,Lvl,662,2,848,848,0,848,6,149000
5,1947,Lvl,312,1,720,720,564,1284,5,110000
5,1990,Lvl,0,2,1442,1424,0,1442,7,180500
8,1962,Lvl,0,1,1696,1140,0,1696,5,143900
6,1960,Lvl,419,1,1100,1100,0,1100,4,141000
7,1988,Low,1065,2,1180,1157,882,2062,7,277000
6,1964,Lvl,787,2,1092,1092,0,1092,6,145000
5,1925,Lvl,468,0,864,864,0,864,5,98000
6,2009,Lvl,36,2,1212,1212,0,1212,6,186000
7,2009,Lvl,822,2,932,900,920,1852,7,252678
5,1995,Lvl,716,2,990,990,0,990,5,156000
6,1977,Lvl,378,1,689,689,703,1392,6,161750
6,1957,Lvl,360,1,1236,1070,0,1236,5,134450
8,2004,Lvl,946,2,1436,1436,0,1436,7,210000
8,1925,Lvl,0,1,810,686,518,1328,4,107000
8,1939,Lvl,341,2,1137,798,817,1954,7,311500
5,2005,Lvl,16,2,1248,1248,0,1248,7,167240
5,2006,Lvl,0,2,1498,1498,0,1498,7,204900
8,2002,Lvl,0,2,1010,1010,1257,2267,6,200000
6,1975,Lvl,550,2,811,713,741,1552,6,179900
4,1971,Lvl,524,2,864,864,0,864,4,97000
8,2003,Lvl,56,3,2392,2392,0,2392,10,386250
6,1971,Lvl,0,1,630,630,672,1302,5,112000
9,1995,Lvl,565,3,1214,1203,1306,2520,7,290000
5,1970,Lvl,321,1,483,483,504,987,6,106000
5,1967,Lvl,842,1,912,912,0,912,5,125000
7,2005,Lvl,16,2,1555,1373,0,1555,7,192500
6,1959,Lvl,0,1,1194,1194,0,1194,6,148000
9,1995,Lvl,689,3,1490,1462,1304,2794,8,403000
5,1972,Lvl,0,1,483,483,504,987,6,94500
5,1976,Lvl,182,1,894,894,0,894,5,128200
8,2002,Lvl,625,2,860,860,1100,1960,6,216500
5,1971,Lvl,358,1,483,483,504,987,6,89500
6,2004,Lvl,24,2,1414,1414,0,1414,7,185500
7,1993,Lvl,402,2,1014,996,730,1744,7,194500
7,2007,Lvl,0,3,1694,1694,0,1694,8,318000
7,1945,Lvl,94,1,798,735,689,1487,6,113000
7,2008,Lvl,1078,2,1566,1566,0,1566,8,262500
4,1945,Lvl,329,0,866,686,0,866,5,110500
6,1900,Lvl,0,1,889,540,551,1440,5,79000
6,1980,Lvl,0,1,626,626,591,1217,6,120000
8,1994,Lvl,695,2,1222,948,888,2110,7,205000
6,1988,Lvl,929,2,1872,1845,0,1872,7,241500
9,1910,Lvl,0,1,908,1020,1020,1928,6,137000
5,1954,Lvl,0,2,1375,1367,0,1375,6,140000
8,2003,Lvl,0,2,840,840,828,1668,7,180000
7,1958,Low,697,2,1444,1444,700,2144,6,277000
6,1940,Lvl,0,0,1306,728,0,1306,3,76500
5,2006,HLS,1573,2,1625,1573,0,1625,8,235000
6,2004,Lvl,0,2,798,798,842,1640,6,173000
7,1964,Lvl,270,1,1302,1302,0,1302,6,158000
5,1957,Lvl,922,1,1314,1314,0,1314,5,145000
8,1999,Lvl,0,2,1005,975,1286,2291,7,230000
7,2003,Lvl,503,2,864,864,864,1728,6,207500
8,2006,Lvl,1334,2,1604,1604,0,1604,7,220000
7,2001,Lvl,361,2,963,963,829,1792,7,231500
4,1956,Lvl,0,1,882,0,0,882,5,97000
6,1962,Lvl,672,2,1382,1362,0,1382,6,176000
10,2007,Lvl,0,3,1482,1482,1092,2574,8,276000
6,1977,Lvl,506,2,1212,506,0,1212,6,151000
6,1929,Lvl,234,2,926,926,0,1316,5,130000
4,1925,Bnk,0,2,764,680,0,764,5,73000
7,1981,Lvl,588,2,1422,1422,0,1422,6,175500
8,1997,HLS,714,2,802,802,709,1511,6,185000
8,1939,Bnk,378,1,1052,720,720,2192,5,179500
4,1940,Lvl,403,1,778,740,0,778,5,120500
6,1976,Lvl,751,1,1113,1143,0,1113,6,148000
8,2006,Lvl,0,3,1095,1095,844,1939,8,266000
5,1954,Low,226,2,1363,1385,0,1363,7,241500
9,1999,Lvl,524,3,1164,1152,1106,2270,8,290000
6,1958,Lvl,620,1,1632,1240,0,1632,6,139000
5,1982,Lvl,546,1,816,816,0,816,5,124500
5,1925,Lvl,0,2,952,952,596,1548,7,205000
7,2003,Lvl,0,2,1560,1560,0,1560,7,201000
4,1951,Lvl,120,2,864,864,0,864,4,141000
8,2006,Lvl,0,3,2121,2121,0,2121,9,415298
8,1977,Lvl,392,2,1156,1160,866,2022,7,192000
7,1989,Lvl,421,2,1175,807,807,1982,7,228500
5,2006,Lvl,905,2,1262,1262,0,1262,6,185000
6,2007,Lvl,904,2,1314,1314,0,1314,7,207500
6,2008,Lvl,0,3,1468,1468,0,1468,8,244600
5,1992,Lvl,430,2,1575,1575,0,1575,6,179200
5,2006,Lvl,0,2,625,625,625,1250,7,164700
7,1962,Bnk,600,2,1085,912,649,1734,6,159000
5,1971,Lvl,614,0,858,858,0,858,4,88000
5,1967,Lvl,450,1,900,882,0,900,5,122000
7,1915,Lvl,0,1,698,698,698,1396,6,153575
8,2006,Lvl,0,2,1079,1079,840,1919,8,233230
9,1912,Bnk,210,0,936,780,780,1716,5,135900
8,1949,Lvl,292,1,1148,768,568,1716,5,131000
9,1977,Lvl,795,2,1468,795,795,2263,7,235000
7,1953,Lvl,1285,2,1644,1416,0,1644,6,167000
6,1984,Lvl,819,2,1003,1003,0,1003,6,142500
6,1950,Lvl,420,1,910,910,648,1558,5,152000
7,1997,Lvl,649,2,975,975,975,1950,7,239000
7,1968,Lvl,384,2,1041,702,702,1743,6,175000
6,1950,Lvl,0,1,1152,1092,0,1152,6,158500
5,1953,Lvl,841,1,1336,1165,0,1336,5,157000
9,1998,Lvl,281,2,1210,1028,1242,2452,8,267000
6,2001,Lvl,0,3,1541,1541,0,1541,7,205000
5,1972,Lvl,894,2,894,894,0,894,5,149900
10,1880,Lvl,0,3,1675,1470,1818,3493,7,295000
8,2004,Lvl,1464,3,2000,2000,0,2000,8,305900
8,1990,Lvl,700,3,1122,700,1121,2243,7,225000
6,1920,Lvl,0,0,1035,319,371,1406,6,89500
4,1940,Lvl,262,2,861,861,0,861,4,82500
8,2003,Lvl,1274,3,1944,1896,0,1944,9,360000
6,1993,Lvl,518,2,697,697,804,1501,6,165600
5,1948,Lvl,680,1,972,972,0,972,6,132000
5,1939,Lvl,507,2,793,793,325,1118,5,119900
8,1965,Low,1236,2,2036,2136,0,2036,7,375000
6,1925,Lvl,16,2,832,728,809,1641,7,178000
6,2004,Lvl,425,2,716,716,716,1432,7,188500
10,1980,Lvl,692,2,1153,845,1200,2353,7,260000
8,2006,Lvl,0,3,1088,1088,871,1959,8,270000
9,1993,Low,987,3,1372,1347,1274,2646,7,260000
6,1980,Lvl,1036,2,1472,1372,0,1472,7,187500
9,2006,Lvl,0,3,1249,1249,1347,2596,9,342643
10,2004,Lvl,970,3,1136,1136,1332,2468,8,354000
8,1986,Lvl,28,2,1553,1502,1177,2730,7,301000
6,1955,Lvl,256,1,1163,1162,0,1163,3,126175
11,1967,Lvl,0,2,1898,710,1080,2978,7,242000
5,1941,Lvl,116,2,803,720,0,803,5,87000
6,1993,Lvl,1619,2,1719,1719,0,1719,8,324000
7,1960,Lvl,565,1,1383,1383,0,1383,6,145250
10,1916,Bnk,0,2,1445,844,689,2134,6,214500
6,1920,Lvl,0,1,596,596,596,1192,5,78000
10,1964,Lvl,40,1,1728,1728,0,1728,5,119000
6,1958,Lvl,846,1,1056,1056,0,1056,5,139000
7,2003,Lvl,1124,3,1629,3206,0,1629,8,284000
6,2004,Lvl,720,2,1358,1358,0,1358,7,207000
7,1998,Lvl,828,2,943,943,695,1638,6,192000
7,1965,HLS,1249,2,1619,1499,167,1786,5,228950
8,2005,HLS,1249,3,1922,1922,0,1922,9,377426
7,2002,Lvl,810,2,1536,1536,0,1536,7,214000
8,1984,Lvl,213,2,1621,1208,0,1621,7,202500
6,1958,Lvl,585,1,1215,1215,0,1215,6,155000
9,2002,Lvl,0,2,993,967,915,1908,8,202900
4,1950,Lvl,0,1,841,721,0,841,4,82000
6,1949,Lvl,0,2,1040,0,0,1040,3,87500
6,2005,Lvl,28,2,1684,1684,0,1684,9,266000
4,1976,Lvl,129,1,536,536,576,1112,5,85000
6,1939,Lvl,0,1,972,972,605,1577,6,140200
5,1960,Lvl,498,1,958,958,0,958,6,151500
6,1960,Lvl,1270,2,1478,1478,0,1478,6,157500
6,2003,Lvl,573,2,764,764,862,1626,7,154000
10,2005,Lvl,1410,3,1848,1848,880,2728,9,437154
6,2007,Lvl,0,2,1869,1869,0,1869,9,318061
6,1986,Low,1082,2,1453,1453,0,1453,7,190000
5,1941,Lvl,236,1,616,616,495,1111,5,95000
5,1928,Lvl,0,2,720,624,0,720,6,105900
6,1940,Bnk,388,1,1192,940,403,1595,6,140000
6,1995,Lvl,334,2,1200,1200,0,1200,6,177500
6,1992,Lvl,560,2,1167,1158,0,1167,6,173000
6,1976,Lvl,874,2,1142,1142,0,1142,5,134000
6,1958,Lvl,300,1,1352,1062,0,1352,5,130000
7,1998,Lvl,956,2,1086,1086,838,1924,8,280000
5,1978,Lvl,773,2,912,888,0,912,6,156000
8,1940,Lvl,399,1,988,883,517,1505,5,145000
7,2003,Lvl,0,2,495,0,1427,1922,7,198500
5,1972,Lvl,162,1,483,483,504,987,6,118000
6,1976,Lvl,712,2,790,796,784,1574,6,190000
6,1920,Lvl,456,1,672,672,672,1344,5,147000
6,1963,Lvl,609,2,1394,1394,0,1394,6,159000
6,1962,Lvl,371,1,1431,1099,0,1431,6,165000
7,1954,Lvl,540,1,1268,1268,0,1268,5,132000
7,1959,Lvl,72,2,1287,1063,0,1287,5,162000
7,2000,Lvl,0,2,953,953,711,1664,6,172400
7,1959,Lvl,0,2,1120,0,468,1588,4,134432
4,1984,Lvl,623,1,752,744,0,752,6,125000
5,1953,Lvl,428,1,1319,608,0,1319,5,123000
8,2003,Lvl,0,2,847,847,1081,1928,7,219500
4,1922,Low,350,0,904,683,0,904,1,61000
5,1996,Lvl,298,2,914,870,0,914,5,148000
8,2004,Lvl,0,2,1580,1580,886,2466,8,340000
8,2010,Lvl,1445,3,1856,1856,0,1856,9,394432
7,2000,Lvl,0,2,1007,982,793,1800,6,179000
6,1924,Lvl,218,1,1026,1026,665,1691,5,127000
5,2006,Lvl,0,2,1301,1293,0,1301,7,187750
8,2006,Lvl,0,2,939,939,858,1797,7,213500
5,1928,Lvl,0,2,784,784,0,784,6,76000
9,1992,Low,985,2,1079,1580,874,1953,6,240000
6,2004,Lvl,24,2,1269,1256,0,1269,8,192000
8,1910,Lvl,0,0,658,658,526,1184,5,81000
6,1976,Lvl,631,1,1125,1041,0,1125,6,125000
6,1999,Lvl,0,2,1479,1468,0,1479,7,191000
9,2007,Lvl,1280,3,1742,1682,590,2332,10,426000
7,1900,Lvl,241,1,961,861,406,1367,5,119000
7,2001,Lvl,690,2,804,804,1157,1961,6,215000
5,1959,Lvl,0,1,882,0,0,882,5,106500
4,1941,Lvl,266,0,788,788,0,788,4,100000
5,1940,Lvl,0,1,735,735,299,1034,5,109000
6,1956,Lvl,739,1,1144,1144,0,1144,5,129000
6,1972,Low,777,2,894,894,0,894,5,123000
8,1962,Lvl,540,1,876,864,936,1812,5,169500
6,1920,Lvl,0,1,1077,961,0,1077,5,67000
7,2006,Lvl,812,2,1112,1092,438,1550,7,241000
4,1996,Lvl,786,2,1288,1260,0,1288,8,245500
6,2005,Lvl,24,2,1310,1310,0,1310,7,164990
4,1940,Lvl,0,1,672,672,0,672,5,108000
10,1998,Lvl,0,2,1165,1141,1098,2263,8,258000
7,1995,Lvl,0,2,806,806,766,1572,6,168000
8,1976,Lvl,1116,2,1620,1281,0,1620,4,150000
6,1936,Lvl,0,1,1166,1064,0,1639,6,115000
8,1915,Lvl,0,1,840,840,840,1680,6,177000
9,2006,Lvl,0,3,1071,1063,1101,2172,7,280000
8,2007,Lvl,789,3,1050,1034,1028,2078,8,339750
5,1958,Lvl,0,1,1276,1276,0,1276,5,60000
5,1955,Bnk,1056,2,1056,1056,0,1056,5,145000
7,2009,Lvl,578,2,1478,1470,0,1478,7,222000
5,1927,Lvl,0,2,1028,1008,0,1028,5,115000
9,1993,Lvl,50,3,1080,1080,1017,2097,7,228000
6,2007,Lvl,24,2,1340,1340,0,1340,7,181134
6,1978,Lvl,209,2,672,672,728,1400,6,149500
10,1918,Lvl,1128,3,1370,1370,1254,2624,6,239000
7,1940,Lvl,312,1,756,756,378,1134,5,126000
6,1968,Lvl,775,1,1056,1056,0,1056,5,142000
8,1997,Lvl,1309,4,1344,1344,0,1344,7,206300
8,1977,Lvl,1246,2,1602,1602,0,1602,6,215000
4,1954,HLS,0,2,988,988,0,988,5,113000
8,1998,Lvl,986,3,1470,1470,1160,2630,8,315000
6,1956,Lvl,616,1,1196,1196,0,1196,6,139000
6,1946,HLS,0,1,707,651,682,1389,7,135000
5,1989,Low,1518,2,1644,1518,0,1644,7,275000
5,1957,Lvl,288,1,907,907,0,907,4,109008
6,2007,Lvl,664,2,1208,1208,0,1208,7,195400
6,1988,Lvl,1005,2,1412,1392,0,1412,6,175000
4,1971,Lvl,387,1,483,483,504,987,6,85400
7,1920,Bnk,0,0,1088,901,110,1198,6,79900
6,1971,Lvl,471,2,765,765,600,1365,5,122500
7,1997,Lvl,0,2,926,926,678,1604,6,181000
3,1972,Lvl,495,0,630,630,0,630,4,81000
6,1996,Lvl,385,2,827,799,834,1661,7,212000
6,1920,Lvl,0,2,734,648,384,1118,6,116000
4,1926,Lvl,0,1,904,884,0,904,6,119000
4,1913,Lvl,365,1,694,440,0,694,5,90350
7,1920,Lvl,0,2,684,684,512,1196,6,110000
10,2008,Lvl,1767,3,2402,3094,0,2402,10,555000
8,1955,Lvl,133,0,1440,1440,0,1440,4,118000
8,1930,Lvl,0,2,1128,1078,445,1573,5,162900
6,2006,Lvl,0,3,1258,1258,0,1258,7,172500
8,1994,Lvl,642,2,933,915,975,1908,7,210000
7,1956,Lvl,0,2,1689,1436,0,1689,6,127500
6,1966,Lvl,247,2,1888,1517,0,1888,6,190000
10,1998,Lvl,0,2,956,930,930,1886,7,199900
7,1937,Bnk,0,1,780,780,596,1376,6,119500
6,1948,Lvl,331,1,679,649,504,1183,3,120000
5,1930,Lvl,0,1,813,813,0,813,6,110000
5,1975,Low,655,2,1533,1533,0,1533,7,280000
7,1996,Lvl,742,2,888,872,868,1756,6,204000
6,2008,Lvl,0,2,786,768,804,1590,8,210000
8,1976,Lvl,1606,2,1728,1728,0,1728,5,188000
6,1973,Lvl,916,2,1242,1242,0,1242,7,175500
7,1916,Lvl,0,3,624,624,720,1344,5,98000
6,1954,Low,1116,2,1663,1364,0,1663,4,256000
7,1925,Lvl,0,1,833,588,833,1666,8,161000
5,1950,Bnk,185,1,979,709,224,1203,5,110000
8,2009,Lvl,544,2,832,832,1103,1935,8,263435
6,1936,Lvl,350,2,575,560,560,1135,7,155000
5,1965,Lvl,553,1,864,864,0,864,5,62383
6,1934,HLS,326,1,849,715,811,1660,6,188700
5,1978,HLS,616,0,1040,1040,0,1040,5,124000
6,2004,Lvl,0,2,1414,1375,0,1414,7,178740
5,1970,Lvl,778,2,1277,1277,0,1277,7,167000
7,1942,Lvl,386,1,888,728,756,1644,5,146500
7,2006,Lvl,0,3,1634,1626,0,1634,8,250000
7,1993,Lvl,426,2,832,832,878,1710,6,187000
4,1985,Lvl,368,2,1502,1488,0,1502,8,212000
8,1977,Lvl,0,2,1161,808,808,1969,7,190000
5,2005,Lvl,459,2,1072,547,0,1072,6,148000
7,2006,Lvl,1350,3,1976,1976,0,1976,8,440000
6,2000,Lvl,1196,2,1652,1494,0,1652,8,251000
5,1963,Lvl,630,2,970,970,0,970,5,132500
7,1997,Lvl,994,2,1493,1478,0,1493,6,208900
9,2006,Lvl,0,3,2069,2153,574,2643,9,380000
7,2007,Lvl,1288,3,1718,1705,0,1718,8,297000
7,1937,Bnk,168,2,1131,907,0,1131,4,89471
8,2004,Lvl,1261,3,1850,1833,0,1850,9,326000
6,2003,HLS,1567,3,1792,1792,0,1792,9,374000
7,1915,Lvl,299,1,916,910,910,1826,7,155000
5,1998,Lvl,897,2,1216,1216,0,1216,6,164000
6,1962,Lvl,588,1,999,999,0,999,5,132500
5,1950,Lvl,607,1,1113,1113,0,1113,5,147000
6,1965,Lvl,836,2,1073,1073,0,1073,5,156000
7,1971,Lvl,998,2,1484,1484,0,1484,5,175000
10,1900,Lvl,664,2,1766,954,648,2414,5,160000
3,1970,Lvl,515,1,630,630,0,630,4,86000
4,1976,Lvl,0,1,616,264,688,1304,5,115000
5,1941,Lvl,403,1,958,806,620,1578,6,133000
8,2006,Lvl,0,2,728,728,728,1456,6,172785
6,1960,Lvl,374,1,1269,1269,0,1269,5,155000
4,1938,Lvl,0,1,886,190,0,886,5,91300
4,1920,Lvl,495,0,720,720,0,720,4,34900
10,1992,Lvl,1231,2,3228,3200,0,3228,8,430000
8,1925,Lvl,329,1,1133,1026,687,1820,7,184000
5,1967,Lvl,450,1,899,864,0,899,5,130000
5,1958,Lvl,111,1,912,912,0,912,5,120000
7,1973,Lvl,356,1,672,672,546,1218,6,113000
7,2005,Lvl,400,2,866,866,902,1768,7,226700
6,1965,Lvl,698,2,1214,1214,0,1214,5,140000
6,1959,Lvl,1247,2,1801,1501,0,1801,7,289000
6,1974,Lvl,257,2,855,855,467,1322,6,147000
10,1952,Lvl,0,2,960,960,1000,1960,5,124500
8,1993,Lvl,380,2,1065,777,846,1911,8,215000
4,2009,Lvl,27,2,1218,1218,0,1218,6,208300
7,1928,Lvl,141,2,689,689,689,1378,7,161000
6,1959,Lvl,991,1,1041,1041,0,1041,5,124500
6,1951,Lvl,650,1,1363,1008,0,1363,5,164900
6,2005,Lvl,0,2,1368,1368,0,1368,7,202665
5,1958,Lvl,521,2,864,864,0,864,5,129900
5,1983,Bnk,336,2,1080,1084,0,1080,6,134000
5,1926,Lvl,0,1,789,768,0,789,5,96500
9,2009,Lvl,1436,3,2020,2006,0,2020,10,402861
7,1972,Lvl,0,2,1378,689,741,2119,6,158000
7,1996,Lvl,0,3,1277,1264,1067,2344,7,265000
7,1998,Lvl,706,2,882,794,914,1796,6,211000
9,1926,Lvl,0,1,1276,1276,804,2080,7,234000
7,1900,Lvl,0,0,694,0,600,1294,4,106250
6,1957,Lvl,777,1,1244,1244,0,1244,6,150000
7,1947,Lvl,399,2,1004,1004,660,1664,6,159000
11,2007,Bnk,2260,3,3138,3138,1538,4676,10,184750
8,1996,Lvl,719,3,1383,1379,1015,2398,7,315750
6,2005,Lvl,0,2,1266,1257,0,1266,7,176000
4,1956,Lvl,377,1,928,928,0,928,5,132000
11,2008,Lvl,1330,3,1476,1452,1237,2713,9,446261
5,1920,Lvl,348,0,605,528,0,605,4,86000
9,1957,Lvl,1219,2,2515,2035,0,2515,6,200624
5,1988,Lvl,783,2,1509,1461,0,1509,6,175000
6,1920,Lvl,0,2,751,611,611,1362,6,128000
5,1955,Lvl,0,1,827,0,0,827,5,107500
2,1946,Low,0,0,334,0,0,334,1,39300
6,2004,Lvl,0,2,707,707,707,1414,8,178000
5,1910,Lvl,969,0,820,1117,527,1347,5,107500
8,1998,Lvl,0,2,880,880,844,1724,7,188000
5,1972,Lvl,600,2,864,864,0,864,4,111250
7,1968,Lvl,673,1,1159,1051,0,1159,5,158000
6,2001,Lvl,1358,2,1601,1581,0,1601,8,272000
8,2006,Lvl,1260,3,1838,1838,0,1838,9,315000
8,2000,Lvl,0,3,997,969,1288,2285,8,248000
7,1998,Lvl,144,2,1680,1650,0,1680,7,213250
4,1998,Lvl,584,1,767,723,0,767,7,133000
7,2006,Lvl,554,2,664,654,832,1496,7,179665
9,1988,Lvl,1002,3,1377,1204,806,2183,7,229000
6,1923,Bnk,300,2,915,1065,720,1635,6,210000
5,1970,Lvl,619,2,768,768,0,768,5,129500
4,1955,HLS,180,2,825,825,0,825,5,125000
8,2003,Lvl,0,2,912,912,1182,2094,7,263000
4,1977,Lvl,559,2,1069,1069,0,1069,6,140000
5,1957,Lvl,308,1,928,928,0,928,5,112500
7,2006,Lvl,0,3,1717,1709,0,1717,8,255500
5,1949,Lvl,0,2,1126,0,0,1126,4,108000
8,2003,Lvl,866,3,1006,998,1040,2046,7,284000
5,1922,Lvl,0,1,1048,993,0,1048,5,113000
6,1957,Lvl,895,1,1092,1092,0,1092,5,141000
7,1920,Low,637,1,897,637,439,1336,4,108000
6,1996,HLS,604,2,729,729,717,1446,7,175000
7,2003,Lvl,0,2,1557,1374,0,1557,7,234000
5,1957,Lvl,1302,2,1392,1392,0,1392,5,121500
6,1974,Lvl,1071,2,1389,1389,0,1389,5,170000
6,1940,Lvl,290,0,996,996,0,996,5,108000
8,1918,Lvl,0,2,1163,1163,511,1674,6,185000
9,1992,Lvl,728,2,1166,1095,1129,2295,7,268000
6,1915,Bnk,0,1,841,806,806,1647,6,128000
11,2005,Lvl,0,3,1134,1122,1370,2504,9,325000
7,2004,Lvl,2,2,1535,1517,0,1535,7,214000
5,1983,Low,1441,2,1496,1496,636,2132,8,316600
4,1979,Lvl,943,2,943,943,0,943,5,135960
10,1965,Lvl,231,2,1728,1728,0,1728,5,142600
4,1959,Lvl,414,1,864,864,0,864,6,120000
6,2009,HLS,0,2,846,846,846,1692,7,224500
8,2000,Lvl,0,2,774,384,656,1430,7,170000
5,1971,Lvl,349,1,576,372,533,1109,5,139000
6,1947,Lvl,442,1,832,832,384,1216,5,118500
6,1928,Lvl,0,1,877,861,600,1477,7,145000
6,1966,Lvl,328,2,1320,1164,0,1320,5,164500
5,2007,Lvl,0,2,703,689,689,1392,7,146000
7,1954,Lvl,0,1,1050,1050,745,1795,5,131500
7,1960,Lvl,594,2,1429,1144,0,1429,6,181900
8,2008,Lvl,0,3,2042,2042,0,2042,8,253293
5,1990,Lvl,816,0,816,816,0,816,6,118500
9,1893,Lvl,0,2,1521,1237,1254,2775,10,325000
6,1935,Lvl,0,1,989,884,584,1573,4,133000
7,2005,Lvl,1460,3,2028,1868,0,2028,8,369900
5,1918,Lvl,210,1,838,816,0,838,6,130000
4,1982,Lvl,672,2,860,840,0,860,5,137000
5,1968,Low,1324,1,1473,1437,0,1473,5,143000
4,1930,Lvl,0,1,779,742,0,935,5,79500
6,2004,Lvl,490,2,770,770,812,1582,7,185900
10,2008,Lvl,1338,3,1728,1722,568,2296,10,451950
4,1982,Lvl,816,2,816,816,0,816,5,138000
4,2003,Lvl,685,2,848,848,0,848,6,140000
5,1975,Lvl,0,1,924,924,0,924,5,110000
7,2005,Lvl,1422,3,1826,1814,0,1826,8,319000
7,1910,Lvl,0,1,684,684,684,1368,6,114504
7,2006,Lvl,0,3,1402,1258,0,1402,7,194201
7,1977,Bnk,1283,2,1647,1430,0,1647,5,217500
6,1980,Lvl,81,2,716,716,840,1556,6,151000
8,2005,Lvl,546,2,1058,1058,846,1904,8,275000
6,1937,Bnk,0,1,780,780,595,1375,6,141000
8,1992,Lvl,789,2,927,908,988,1915,8,220000
4,2004,Lvl,0,2,600,600,600,1200,7,151000
6,2002,Lvl,922,2,1494,1494,0,1494,7,221000
7,1965,Lvl,454,2,1186,768,800,1986,7,205000
6,1996,Low,732,2,1040,1040,0,1040,5,152000
8,1948,Bnk,603,1,1112,896,896,2008,5,225000
10,1934,HLS,428,2,1940,965,1254,3194,8,359100
5,1961,Lvl,903,1,1029,1029,0,1029,4,118500
8,2000,Lvl,904,3,1476,1440,677,2153,9,313000
6,1978,Lvl,605,2,1032,1032,0,1032,6,148000
7,2001,Lvl,990,2,1299,1299,573,1872,8,261500
6,2007,Lvl,206,0,1120,1120,0,1120,5,147000
3,1972,Lvl,150,0,630,630,0,630,4,75500
6,1963,Lvl,763,2,1054,936,0,1054,6,137500
7,2002,Lvl,457,2,807,783,702,1509,6,183200
4,1954,HLS,0,2,832,832,0,832,6,105500
9,2007,Lvl,48,3,1828,1822,0,1828,9,314813
10,2003,Lvl,871,3,1482,1482,780,2262,8,305000
5,1914,Lvl,41,0,864,864,0,864,3,67000
9,1974,Lvl,956,2,1548,1522,1066,2614,6,240000
6,1977,Lvl,560,2,980,980,0,980,5,135000
4,2000,Lvl,420,2,756,756,756,1512,6,168500
8,1972,Lvl,247,2,1012,732,778,1790,6,165150
5,1962,Lvl,0,2,1116,1116,0,1116,6,160000
6,1960,Lvl,0,1,1422,978,0,1422,5,139900
7,1955,Lvl,674,1,1520,1156,0,1520,6,153000
9,1969,HLS,650,2,1040,1040,1040,2080,5,135000
6,1964,Lvl,624,2,1350,1248,0,1350,6,168500
8,1880,Lvl,0,1,1089,636,661,1750,5,124000
6,2006,Lvl,24,2,1554,1554,0,1554,8,209500
6,1977,Lvl,822,2,1411,1386,0,1411,7,82500
6,1954,Lvl,480,1,1056,1056,0,1056,5,139400
4,1980,Lvl,1056,2,1056,1056,0,1056,6,144000
14,1914,Bnk,256,0,1440,1440,1440,3395,6,200000
4,1936,Lvl,0,0,800,264,0,800,2,60000
7,1954,Lvl,0,1,811,811,576,1387,5,93000
4,1910,Lvl,0,0,796,796,0,796,5,85000
7,2006,Lvl,1154,3,1567,1520,0,1567,8,264561
6,2003,Lvl,1218,2,1518,1518,0,1518,8,274000
7,2001,Lvl,738,2,1057,1057,872,1929,7,226000
9,1972,Lvl,1410,2,2000,1952,704,2704,8,345000
7,1969,Lvl,493,2,780,780,840,1620,5,152000
7,2009,Lvl,1121,3,1766,1766,0,1766,9,370878
5,1971,Lvl,282,2,981,981,0,981,6,143250
7,1950,Lvl,0,2,1048,0,0,1048,5,98300
5,1953,Lvl,500,2,1094,1094,0,1094,6,155000
7,1966,Lvl,0,2,1051,756,788,1839,6,155000
3,1970,Lvl,131,0,630,630,0,630,4,84500
7,2007,Lvl,0,2,822,813,843,1665,7,205950
7,1940,Lvl,0,1,755,755,755,1510,4,108000
7,1996,Lvl,0,2,909,880,807,1716,7,191000
7,1906,Lvl,0,1,756,756,713,1469,6,135000
7,1995,Lvl,1696,3,2113,2109,0,2113,8,350000
6,1971,Lvl,0,1,525,525,567,1092,6,88000
5,1959,Lvl,806,1,1053,1053,0,1053,5,145500
6,1931,HLS,0,1,851,776,651,1502,7,149000
6,1948,Lvl,0,1,912,912,546,1458,6,97500
7,1964,Lvl,637,2,1486,1486,0,1486,5,167000
7,1976,Lvl,0,2,1142,793,793,1935,7,197900
8,1994,Lvl,1361,3,1686,1629,762,2448,8,402000
5,1968,Lvl,0,2,1392,1392,0,1392,6,110000
6,1972,Lvl,920,2,1181,1138,0,1181,4,137500
8,2005,Lvl,1721,3,2097,2077,0,2097,8,423000
7,2000,Lvl,0,2,1454,1406,482,1936,8,230500
7,1965,Lvl,187,2,1465,1021,915,2380,6,129000
7,1994,Lvl,1138,2,1679,1408,0,1679,6,193500
6,1956,Bnk,988,2,1437,1188,0,1437,5,168000
5,1922,Lvl,0,1,1180,700,0,1180,4,137500
7,2005,Lvl,193,2,738,738,738,1476,6,173500
6,1925,Lvl,551,1,697,672,672,1369,6,103600
6,1977,Lvl,767,2,1208,1208,0,1208,6,165000
7,1957,Lvl,1186,2,1839,1477,0,1839,6,257500
5,1965,Lvl,892,1,1136,1136,0,1136,6,140000
7,1978,Lvl,311,2,855,855,586,1441,6,148500
8,1900,Lvl,0,3,1095,1095,679,1774,4,87000
5,1924,Lvl,0,1,792,768,0,792,5,109500
7,2008,Lvl,0,3,2046,2046,0,2046,8,372500
5,1961,Lvl,827,2,988,988,0,988,5,128500
5,1980,Lvl,543,1,923,923,0,923,6,143000
6,1932,Bnk,182,1,848,793,672,1520,5,159434
6,1996,HLS,1003,2,1291,1291,0,1291,6,173000
7,2002,Lvl,1059,3,1668,1626,0,1668,9,285000
7,1998,Lvl,0,2,1195,1195,644,1839,7,221000
6,1984,Lvl,828,2,1190,1190,900,2090,7,207500
7,2007,Lvl,0,2,874,874,887,1761,7,227875
4,2004,Lvl,239,2,551,551,551,1102,7,148800
7,2007,HLS,945,2,1419,1419,0,1419,8,392000
6,2005,Lvl,20,2,1362,1362,0,1362,6,194700
3,2004,Lvl,697,2,848,848,0,848,6,141000
10,1994,Lvl,1455,3,2444,2444,1872,4316,10,755000
9,1989,Lvl,965,2,1238,1210,1281,2519,7,335000
4,1921,Lvl,0,1,1073,1073,0,1073,5,108480
5,1936,Lvl,0,2,1067,927,472,1539,5,141500
5,1987,Lvl,980,2,1137,1112,0,1137,6,176000
4,1921,Lvl,616,1,616,616,0,616,5,89000
6,1952,Lvl,210,1,1148,980,0,1148,5,123500
5,1965,Lvl,553,1,894,894,0,894,5,138500
5,2004,Lvl,16,2,1391,1391,0,1391,7,196000
7,2002,Lvl,1274,3,1800,1800,0,1800,8,312500
6,1969,Lvl,0,2,1164,1164,0,1164,7,140000
10,2006,Lvl,0,3,1264,1234,1312,2576,8,361919
8,1900,Lvl,0,2,1032,360,780,1812,5,140000
7,2004,Lvl,712,2,1484,1473,0,1484,7,213000
7,1930,Lvl,0,0,372,0,720,1092,4,55000
5,1971,Low,1219,2,1824,1643,0,1824,7,302000
6,2006,Lvl,863,2,1324,1324,0,1324,8,254000
8,2007,Lvl,0,2,728,728,728,1456,7,179540
6,1966,Lvl,0,1,904,876,0,904,5,109900
5,1935,Lvl,0,0,729,270,0,729,3,52000
7,1900,HLS,0,1,859,859,319,1178,4,102776
5,1988,HLS,767,2,1228,1228,0,1228,8,189000
6,1970,Lvl,789,2,960,960,0,960,4,129000
6,1976,Lvl,533,2,725,725,754,1479,6,130500
7,1974,Lvl,0,2,1350,1064,0,1350,6,165000
8,1890,Bnk,0,2,1576,718,978,2554,7,159500
5,1973,Lvl,1084,2,1178,1176,0,1178,5,157000
9,1993,Lvl,1173,3,1325,1311,1093,2418,7,341000
5,1969,Lvl,523,1,971,971,0,971,5,128500
5,1985,Low,1148,2,1742,1742,0,1742,8,275000
3,2004,Lvl,662,2,848,848,0,848,6,143000
5,1970,Lvl,191,2,864,864,0,864,4,124500
7,1954,Lvl,0,1,997,941,473,1470,4,135000
8,2007,Lvl,1234,3,1698,1698,0,1698,9,320000
5,1970,Lvl,375,2,864,864,0,864,4,120500
5,1988,Lvl,808,2,1680,880,0,1680,6,222000
6,2007,Lvl,724,2,1232,1232,0,1232,7,194500
9,1958,Lvl,0,3,1776,1584,0,1776,5,110000
5,1925,Lvl,152,2,848,780,0,1208,4,103000
5,1995,Lvl,1180,2,1616,1595,0,1616,8,236500
6,2003,Lvl,786,2,1146,868,0,1146,7,187500
8,1998,Lvl,252,2,1153,1153,878,2031,7,222500
6,1961,Lvl,594,1,1144,864,0,1144,5,131400
6,1968,Lvl,0,1,948,948,0,948,5,108000
6,1914,Lvl,390,2,880,880,888,1768,7,163000
6,1950,Lvl,0,2,1040,0,0,1040,3,93500
8,2005,HLS,0,3,901,893,900,1801,8,239900
5,1987,Lvl,1200,0,1200,1200,0,1200,5,179000
7,2004,Lvl,0,2,864,864,864,1728,7,190000
7,1910,Lvl,0,2,768,264,664,1432,5,132000
5,1961,Lvl,832,1,912,912,0,912,6,142000
6,2000,Lvl,0,2,1349,1349,0,1349,7,179000
6,1963,Lvl,444,2,1464,520,0,1464,5,175000
5,1993,HLS,733,2,1337,1337,0,1337,8,180000
11,1976,Lvl,575,2,1175,1142,1540,2715,8,299800
8,2000,Lvl,300,2,980,952,1276,2256,7,236000
8,1880,Lvl,0,4,1320,1240,1320,2640,7,265979
7,1996,Lvl,919,2,1720,1720,0,1720,7,260400
9,1945,Lvl,0,1,1088,0,441,1529,4,98000
7,1910,Lvl,0,0,792,576,348,1140,4,96500
6,2003,Lvl,0,2,660,660,660,1320,7,162000
6,1997,Lvl,1200,2,1494,1479,0,1494,6,217000
8,2005,Lvl,0,3,1038,1030,1060,2098,8,275500
5,1969,Lvl,439,2,1026,1026,0,1026,6,156000
6,1999,Lvl,381,2,742,729,729,1471,6,172500
7,2007,Lvl,20,2,866,866,902,1768,8,212000
6,1978,Lvl,438,2,672,672,714,1386,6,158900
6,1999,Lvl,549,2,757,744,744,1501,7,179400
9,1995,Lvl,56,3,1328,1318,1203,2531,8,290000
5,1959,Lvl,612,1,864,864,0,864,6,127500
5,1924,Lvl,405,2,1301,1145,0,1301,5,100000
7,2009,Lvl,24,2,764,756,783,1547,7,215200
8,1999,Lvl,1163,3,1268,1252,1097,2365,8,337000
6,1995,Lvl,437,2,1494,1494,0,1494,8,270000
6,2008,Lvl,0,2,1506,1498,0,1506,9,264132
7,1988,Lvl,394,2,980,980,734,1714,7,196500
7,1940,Lvl,660,1,983,983,767,1750,6,160000
8,2004,Lvl,24,2,1836,1860,0,1836,7,216837
12,2003,HLS,1416,3,1690,1650,1589,3279,8,538000
5,1982,Lvl,685,2,858,858,0,858,5,134900
6,1951,Lvl,836,2,1220,836,0,1220,4,102000
6,1976,Lvl,422,2,1117,1029,0,1117,6,107000
5,1958,Lvl,456,1,912,912,0,912,5,114500
9,2006,Lvl,0,3,1973,1935,0,1973,8,395000
5,1998,Lvl,866,2,1204,1204,0,1204,6,162000
7,2005,Lvl,20,3,1614,1614,0,1614,7,221500
5,1974,Lvl,762,2,894,864,0,894,5,142500
10,1977,Lvl,0,2,2020,0,0,2020,5,144000
4,1977,Lvl,975,2,1004,975,0,1004,6,135000
6,1995,Lvl,0,2,1253,1237,0,1253,7,176000
7,1992,Lvl,387,2,810,761,793,1603,6,175900
6,2001,Lvl,0,2,1430,1413,0,1430,7,187100
4,1978,Lvl,1097,2,1110,1097,0,1110,5,165500
9,1914,Lvl,0,0,742,742,742,1484,6,128000
7,1967,Lvl,251,2,1342,1372,0,1342,6,161500
7,1915,Lvl,686,1,966,686,686,1652,5,139000
8,2004,Lvl,656,2,956,956,1128,2084,7,233000
4,1954,Lvl,0,1,901,901,0,901,4,107900
9,1966,Low,568,2,976,832,1111,2087,6,187500
5,2005,Lvl,16,2,1145,1145,0,1145,7,160200
5,1976,Lvl,539,2,1062,1029,0,1062,6,146800
8,1996,Lvl,862,2,1127,1117,886,2013,7,269790
7,2007,Lvl,0,2,1496,1496,0,1496,8,225000
7,1994,Lvl,0,2,1086,712,809,1895,7,194500
7,1980,Lvl,0,2,888,650,676,1564,6,171000
7,1977,Lvl,0,2,1285,660,0,1285,6,143500
4,1953,Lvl,570,1,773,773,0,773,5,110000
11,2008,Lvl,0,3,1966,1926,1174,3140,9,485000
7,1937,Lvl,569,1,981,731,787,1768,5,175000
8,1997,HLS,462,2,616,616,1072,1688,6,200000
5,1916,Lvl,197,2,1196,1196,0,1196,4,109900
7,2005,Lvl,648,2,728,728,728,1456,7,189000
12,2008,Lvl,0,3,1734,1734,1088,2822,9,582933
5,1954,Lvl,812,1,1128,936,0,1128,5,118000
6,2008,Lvl,0,2,1428,1417,0,1428,7,227680
6,1967,Lvl,400,1,980,980,0,980,5,135500
6,1923,Lvl,1309,2,1072,1324,504,1576,5,223500
6,1966,Lvl,516,2,1086,1024,0,1086,5,159950
11,1898,Lvl,0,2,1075,849,1063,2138,5,106000
5,1974,Lvl,663,2,1309,1040,0,1309,6,181000
4,2004,Lvl,662,2,848,848,0,848,6,144500
4,1952,Bnk,0,2,1044,540,0,1044,5,55993
7,1958,Lvl,608,1,1442,1442,0,1442,6,157900
7,1918,Lvl,0,1,686,686,564,1250,5,116000
6,1998,Lvl,0,2,1661,1649,0,1661,7,224900
4,1954,Lvl,486,1,1008,1008,0,1008,5,137000
7,2002,Lvl,1218,3,1689,1568,0,1689,8,271000
6,1971,Lvl,504,2,1052,1010,0,1052,6,155000
6,2009,Lvl,733,2,1358,1358,0,1358,7,224000
6,2003,Lvl,0,2,798,798,842,1640,7,183000
4,1953,Bnk,0,2,936,936,0,936,4,93000
7,2003,Lvl,0,2,847,847,886,1733,7,225000
7,1940,Lvl,0,1,944,778,545,1489,6,139500
7,2006,Lvl,0,2,1489,1489,0,1489,8,232600
7,2007,Lvl,1636,3,2084,2078,0,2084,10,385000
5,1924,Lvl,784,0,784,784,0,784,5,109500
6,2001,Lvl,20,2,1434,1454,0,1434,7,189000
7,1967,Low,249,2,1160,1013,966,2126,5,185000
4,2005,Lvl,0,2,520,600,623,1223,7,147400
6,1957,Lvl,1040,2,1392,1392,0,1392,6,166000
4,2005,Lvl,0,2,520,600,600,1200,7,151000
7,2003,Lvl,483,2,941,941,888,1829,7,237000
6,1964,Lvl,196,2,1516,1516,0,1516,6,167000
6,1961,Lvl,572,2,1144,1144,0,1144,5,139950
4,1950,Lvl,442,2,1067,1067,0,1067,4,128000
5,1948,Lvl,338,2,1559,1559,0,1559,5,153500
5,1973,Lvl,330,1,483,483,504,987,6,100000
6,1995,Lvl,0,1,1099,1099,0,1099,5,144000
6,1946,Lvl,352,1,768,768,432,1200,5,130500
7,1925,Lvl,156,1,810,672,672,1482,6,140000
8,1904,Lvl,0,2,958,650,581,1539,5,157500
6,1966,Lvl,312,2,1165,1127,0,1165,6,174900
10,1961,Lvl,0,0,1800,1800,0,1800,5,141000
7,1915,Lvl,0,3,876,876,540,1416,5,153900
6,1975,Lvl,1390,2,1701,1390,0,1701,5,171000
7,1993,Lvl,513,2,1006,740,769,1775,7,213000
5,1972,Lvl,460,1,864,864,0,864,5,133500
10,1908,Bnk,0,2,1307,907,1051,2358,6,240000
7,1976,Lvl,0,2,1094,528,761,1855,6,187000
3,2003,Lvl,659,2,848,848,0,848,6,131500
7,2003,Lvl,0,2,1456,1273,0,1456,8,215000
7,1941,Lvl,364,1,918,918,728,1646,7,164000
7,1964,Lvl,564,2,1445,1127,0,1445,6,158000
6,1955,Lvl,306,2,1779,1763,0,1779,5,170000
6,1962,Lvl,659,1,1040,1040,0,1040,5,127000
5,1978,Low,505,2,1026,940,0,1026,6,147000
6,1994,Lvl,0,2,702,702,779,1481,6,174000
6,1976,Lvl,0,2,1370,1090,0,1370,7,152000
9,1968,Lvl,619,2,1512,1054,1142,2654,6,250000
7,1918,Lvl,0,1,912,912,514,1426,7,189950
6,1965,Lvl,841,2,1039,1039,0,1039,5,131500
6,1984,Lvl,338,2,1097,1040,0,1097,6,152000
6,1959,Lvl,1148,1,1148,1148,0,1148,5,132500
6,2007,Lvl,0,2,1372,1372,0,1372,7,250580
5,1970,Lvl,828,2,1002,1002,0,1002,5,148500
6,2006,HLS,0,3,1646,1638,0,1646,8,248900
5,1961,Lvl,932,2,1120,1040,0,1120,4,129000
7,1948,Lvl,0,2,1547,0,720,2320,5,169000
8,1993,Lvl,750,2,1062,1050,887,1949,7,236000
5,1962,Lvl,0,1,894,894,0,894,5,109500
7,1998,Lvl,505,2,804,804,878,1682,6,200500
5,1953,Lvl,0,2,910,105,0,910,5,116000
6,1949,Lvl,375,1,1036,832,0,1268,5,133000
5,1941,Lvl,0,1,676,676,455,1131,5,66500
11,2007,Lvl,64,2,1184,1184,1426,2610,8,303477
5,1963,HLS,633,2,1040,1064,0,1040,4,132250
10,2004,Lvl,1170,3,1462,1462,762,2224,9,350000
6,1961,Lvl,899,2,1155,1109,0,1155,5,148000
6,1978,Lvl,646,1,864,864,0,864,5,136500
5,2005,Lvl,980,2,1090,1090,0,1090,5,157000
7,1990,Lvl,902,2,1187,1156,530,1717,7,187500
7,1992,Lvl,0,2,808,808,785,1593,6,178000
10,1912,Bnk,0,1,954,795,795,2230,4,118500
5,1967,Lvl,432,1,892,892,0,892,5,100000
5,1999,Lvl,1238,2,1709,1698,0,1709,9,328900
8,1959,Lvl,528,2,1712,1626,0,1712,5,145000
8,1955,Lvl,0,1,872,816,521,1393,5,135500
8,1970,Lvl,351,2,2217,2217,0,2217,8,268000
6,1953,Lvl,1024,2,1505,1505,0,1505,6,149500
6,1949,Lvl,0,2,672,672,252,924,5,122900
7,1978,Lvl,226,2,918,918,765,1683,6,172500
6,1963,Lvl,663,1,1068,1059,0,1068,6,154500
6,1954,Lvl,1064,1,1383,1383,0,1383,5,165000
8,1979,Bnk,0,2,1535,0,0,1535,5,118858
8,1963,Lvl,400,2,983,780,813,1796,6,140000
6,1936,Lvl,285,1,951,951,0,951,4,106500
12,1979,Lvl,0,2,1120,0,1120,2240,5,142953
11,2009,Lvl,2188,3,2364,2330,0,2364,9,611657
6,1961,Lvl,465,1,1236,912,0,1236,5,135000
4,1971,Lvl,322,1,858,858,0,858,4,110000
5,1957,Lvl,860,1,1306,992,0,1306,5,153000
8,2003,Lvl,0,2,807,783,702,1509,7,180000
7,2006,HLS,0,3,1670,1670,0,1670,7,240000
6,1967,Lvl,599,1,902,876,0,902,5,125500
6,1954,Lvl,354,1,1063,1056,0,1063,5,128000
8,2006,Lvl,63,3,1636,1623,0,1636,8,255000
6,1936,Lvl,223,1,1020,1017,1037,2057,7,250000
5,1983,Low,301,2,902,864,0,902,5,131000
8,2005,Lvl,0,2,742,742,742,1484,6,174000
12,1960,Lvl,443,2,1105,1105,1169,2274,5,154300
5,1977,Lvl,196,1,1268,1268,0,1268,5,143500
6,1925,Lvl,489,1,1015,768,0,1015,5,88000
8,1949,HLS,284,3,1001,1001,1001,2002,5,145000
4,2009,Lvl,294,2,612,612,612,1224,6,173733
6,1970,Lvl,0,1,546,546,546,1092,4,75000
4,1949,Lvl,50,1,480,480,0,480,2,35311
6,1956,Lvl,1059,1,1229,1134,0,1229,4,135000
8,1991,Lvl,48,3,912,1104,1215,2127,7,238000
6,1958,Lvl,528,2,1414,1184,0,1414,6,176500
7,1994,Lvl,814,2,936,928,785,1721,6,201000
9,1900,Lvl,1084,0,1272,1272,928,2200,5,145900
6,2005,Lvl,28,2,1316,1316,0,1316,6,169990
5,1993,Lvl,165,2,1617,1604,0,1617,6,193000
7,1980,Lvl,625,2,1686,1686,0,1686,6,207500
6,1977,Lvl,767,2,1126,1126,0,1126,5,175000
10,2003,Lvl,0,3,1234,1181,1140,2374,8,285000
9,1968,Lvl,552,2,1098,832,880,1978,7,176000
7,2001,Lvl,0,2,1788,1753,0,1788,8,236500
8,1997,Lvl,0,2,993,964,1243,2236,7,222000
7,2007,HLS,16,3,1466,1466,0,1466,8,201000
5,1965,Lvl,338,1,925,925,0,925,5,117500
8,2006,Lvl,0,3,1905,1905,0,1905,9,320000
6,2004,Lvl,20,2,1500,1500,0,1500,7,190000
9,1960,HLS,425,2,2069,585,0,2069,7,242000
5,1926,Lvl,0,2,747,600,0,747,4,79900
5,2003,Lvl,833,2,1200,1176,0,1200,7,184900
8,2005,Lvl,341,2,1113,1113,858,1971,7,253000
7,2006,Lvl,464,3,1391,1391,571,1962,7,239799
10,1940,Lvl,0,1,1207,1032,1196,2403,7,244400
8,1976,Lvl,936,2,1728,1728,0,1728,6,150900
8,1999,Lvl,772,2,1022,992,1038,2060,7,214000
8,1977,Lvl,1440,0,1440,1440,0,1440,4,150000
8,1967,Low,0,2,1632,1632,0,1632,5,143000
7,1958,Lvl,111,2,1344,819,0,1344,6,137500
7,1890,Lvl,1088,2,1188,1088,561,1869,5,124900
6,1959,Lvl,748,1,1144,1144,0,1144,5,143000
9,2002,Lvl,1300,3,1629,1616,0,1629,8,270000
7,2002,Lvl,0,2,936,936,840,1776,7,192500
5,1972,Lvl,982,2,1381,1161,0,1381,6,197500
5,1950,Lvl,398,2,864,864,0,864,5,129000
6,1965,Lvl,641,1,965,828,0,965,5,119900
5,1972,Lvl,660,1,768,768,0,768,5,133900
7,1969,Lvl,562,2,1168,784,800,1968,5,172000
4,1975,Lvl,945,0,980,945,0,980,6,127500
8,1946,HLS,484,2,979,979,979,1958,6,145000
5,1980,Lvl,285,2,561,561,668,1229,6,124000
6,1962,Lvl,417,2,1057,1057,0,1057,5,132000
6,2003,Lvl,699,2,1337,1337,0,1337,7,185000
6,1999,Lvl,604,2,696,696,720,1416,7,155000
4,1958,Lvl,696,0,858,858,0,858,5,116500
11,1977,Lvl,896,2,1542,1330,1330,2872,6,272000
7,1976,Lvl,556,2,804,804,744,1548,6,155000
7,2007,Lvl,0,2,1800,1800,0,1800,9,239000
8,2002,Lvl,624,2,824,817,1070,1894,7,214900
8,2005,Lvl,0,2,783,783,701,1484,6,178900
7,1940,HLS,428,1,976,728,332,1308,5,160000
6,1955,Lvl,902,1,1098,1098,0,1098,5,135000
6,1910,Lvl,0,0,600,600,368,968,3,37900
6,1958,Lvl,513,1,1095,588,0,1095,6,140000
6,1949,Lvl,0,0,720,720,472,1192,4,135000
6,2003,Lvl,567,2,764,764,862,1626,7,173000
5,1979,Lvl,0,1,918,918,0,918,6,99500
6,2007,Lvl,0,2,1428,1428,0,1428,7,182000
8,1910,Lvl,0,2,1136,728,883,2019,7,167500
6,2000,Lvl,641,2,673,673,709,1382,7,165000
4,1923,Bnk,0,0,869,440,0,869,4,85500
4,2006,Lvl,1106,2,1241,1241,0,1241,7,199900
5,1954,Bnk,552,2,894,894,0,894,4,110000
5,1963,Lvl,651,2,1121,1121,0,1121,5,139000
6,1961,Lvl,867,2,999,944,0,999,7,178400
8,1998,Lvl,854,3,1276,1225,1336,2612,8,336000
6,2007,Lvl,0,2,1266,1266,0,1266,7,159895
9,2002,Lvl,0,2,1149,1128,1141,2290,8,255900
8,1977,Lvl,0,2,1302,0,432,1734,5,126000
5,1950,Lvl,1040,1,1164,1164,0,1164,5,125000
5,1910,Lvl,0,1,1001,485,634,1635,6,117000
8,2009,Lvl,1646,3,1940,1930,0,1940,9,395192
8,1976,Lvl,156,2,1118,848,912,2030,6,195000
6,2006,Lvl,0,2,778,770,798,1576,7,197000
7,1997,Lvl,1074,3,1407,1396,985,2392,8,348000
8,1882,Lvl,216,2,916,916,826,1742,8,168000
7,1964,Lvl,536,2,1020,822,831,1851,6,187000
6,2005,Lvl,0,2,750,750,750,1500,6,173900
7,2006,Lvl,1172,3,1718,1700,0,1718,10,337500
5,1946,Lvl,384,1,774,747,456,1230,4,121600
6,1961,Lvl,915,1,1050,1050,0,1050,5,136500
6,1970,Lvl,0,2,1442,1442,0,1442,6,185000
6,1922,Lvl,0,1,1077,1007,0,1077,3,91000
6,2006,Lvl,686,2,1208,1187,0,1208,7,206000
4,1952,Lvl,0,2,944,0,0,944,3,82000
4,1920,Lvl,0,1,691,691,0,691,5,86000
7,2006,Lvl,24,3,1574,1574,0,1574,8,232000
8,1976,Lvl,0,2,1680,1680,0,1680,5,136905
7,2005,Lvl,16,2,1504,1346,0,1504,7,181000
6,1977,Lvl,595,1,985,985,0,985,5,149900
7,1970,Lvl,1237,2,1657,1657,0,1657,6,163500
6,1970,Lvl,273,1,546,546,546,1092,4,88000
7,2004,Lvl,0,2,1710,1710,0,1710,7,240000
7,1926,Lvl,0,0,1008,1008,0,1522,5,102000
7,1948,Lvl,0,1,720,720,551,1271,5,135000
8,1965,Lvl,0,0,1664,0,0,1664,5,100000
7,1923,Lvl,0,1,900,602,602,1502,6,165000
4,1910,Lvl,247,1,1022,1022,0,1022,5,85000
5,1948,Lvl,336,1,1082,1082,0,1082,6,119200
6,2001,Lvl,643,2,810,810,855,1665,8,227000
6,1996,Lvl,690,2,1504,1504,0,1504,7,203000
4,1984,Lvl,1036,2,1360,1220,0,1360,8,187500
7,1991,Lvl,0,2,802,384,670,1472,7,160000
6,2005,Lvl,16,2,1506,1362,0,1506,7,213490
5,2005,Lvl,1024,2,1132,1132,0,1132,4,176000
6,2006,Lvl,684,2,1220,1199,0,1220,7,194000
6,1930,Lvl,324,1,912,912,336,1248,5,87000
7,2005,Lvl,16,2,1504,1346,0,1504,7,191000
10,1976,Lvl,1165,2,2898,1565,0,2898,8,287000
5,1972,Lvl,138,2,882,882,0,882,5,112500
6,1960,Lvl,697,2,1264,1268,0,1264,5,167500
7,2007,HLS,1513,3,1646,1638,0,1646,8,293077
6,1941,Lvl,368,1,968,768,408,1376,5,105000
7,1972,Lvl,317,1,672,672,546,1218,6,118000
10,1916,Lvl,0,0,948,686,980,1928,5,160000
12,1920,Lvl,523,2,1687,824,998,3082,7,197000
10,1993,Lvl,1012,3,1352,1338,1168,2520,8,310000
6,2002,Lvl,986,3,1654,1654,0,1654,7,230000
5,1938,Bnk,0,1,954,920,0,954,5,119750
5,1957,Lvl,0,1,845,0,0,845,4,84000
6,2007,HLS,1022,3,1620,1620,0,1620,9,315500
7,2001,Lvl,0,2,1055,1055,1208,2263,8,287000
6,1970,Lvl,0,0,798,546,546,1344,4,97000
3,1970,Lvl,509,1,630,630,0,630,4,80000
8,1957,Lvl,168,2,1803,1134,0,1803,5,155000
7,1966,Lvl,400,2,800,800,832,1632,6,173000
5,2005,Lvl,900,2,1306,1306,0,1306,6,196000
10,1990,Lvl,1085,2,1532,1475,797,2329,7,262280
9,1981,Lvl,1104,2,2524,2524,0,2524,8,278000
8,1955,Lvl,0,2,1733,0,0,1733,3,139600
11,2005,Lvl,240,3,1992,1992,876,2868,9,556581
5,1994,Lvl,686,2,990,990,0,990,5,145000
9,1960,Lvl,0,2,1771,0,0,1771,5,115000
6,1946,Low,0,1,930,0,0,930,4,84900
6,2007,Lvl,0,2,1302,1302,0,1302,7,176485
6,2007,Lvl,0,2,1316,1316,0,1316,7,200141
9,1964,Lvl,442,2,1127,816,850,1977,6,165000
7,1957,Lvl,383,1,1526,1216,0,1526,5,144500
7,2002,Lvl,932,2,1091,1065,898,1989,8,255000
7,1976,Lvl,644,2,1523,1193,0,1523,6,180000
6,2005,Lvl,659,2,1364,1364,0,1364,7,185850
7,1994,Lvl,595,2,979,973,871,1850,7,248000
10,2008,Lvl,936,3,1130,1104,1054,2184,9,335000
7,1932,HLS,297,2,1096,854,895,1991,6,220000
6,2001,Lvl,616,2,1338,1338,0,1338,8,213500
6,1935,Low,0,3,894,894,0,894,3,81000
10,1900,Lvl,0,2,1422,662,915,2337,5,90000
5,1925,Lvl,397,2,1103,1103,0,1103,6,110500
6,1966,Lvl,740,2,1154,1154,0,1154,5,154000
7,1996,Lvl,1201,2,1306,1306,954,2260,7,328000
7,1993,Lvl,0,2,799,799,772,1571,6,178000
7,1964,Lvl,674,2,798,780,813,1611,6,167900
10,1973,Lvl,837,2,1291,942,1230,2521,6,151400
4,1949,Lvl,220,2,893,845,0,893,5,135000
6,1956,Lvl,586,1,1048,1048,0,1048,5,135000
8,1968,Lvl,298,2,829,727,727,1556,6,154000
7,1948,Lvl,0,1,1002,810,454,1456,5,91500
6,1977,Bnk,535,2,698,690,728,1426,6,159500
5,2006,Lvl,0,3,1240,1240,0,1240,7,194000
6,1940,Lvl,410,1,960,800,780,1740,7,219500
7,1936,Lvl,626,2,1096,796,370,1466,5,170000
6,1969,Lvl,75,1,1096,1096,0,1096,5,138800
3,2004,Lvl,662,2,848,848,0,848,6,155900
5,1994,Lvl,495,1,990,990,0,990,5,126000
5,1971,Lvl,656,2,1258,1258,0,1258,6,145000
5,1963,Lvl,824,1,1040,1040,0,1040,5,133000
6,2002,Lvl,0,2,1459,1459,0,1459,7,192000
6,1964,Lvl,553,1,1251,1251,0,1251,6,160000
6,1995,Lvl,592,2,691,691,807,1498,6,187500
5,1992,Lvl,747,2,996,936,0,996,6,147000
6,1973,Lvl,334,1,546,546,546,1092,4,83500
9,2005,Lvl,0,3,1082,1082,871,1953,8,252000
7,2004,Lvl,0,2,970,970,739,1709,7,137500
4,2005,Lvl,1039,2,1247,1247,0,1247,8,197000
6,1950,Lvl,0,2,1040,0,0,1040,3,92900
4,1999,Lvl,510,2,624,600,628,1252,7,160000
7,1925,Bnk,423,2,1390,1181,304,1694,6,136500
6,1965,Lvl,661,2,1200,864,0,1200,5,146000
4,1956,Lvl,248,1,936,936,0,936,5,129000
6,2006,Lvl,24,2,1314,1314,0,1314,6,176432
7,1914,Lvl,0,0,773,684,582,1355,6,127000
5,1986,Lvl,0,2,1088,1074,0,1088,8,170000
6,1936,Lvl,672,1,757,672,567,1324,4,128000
7,1978,Lvl,704,2,1601,1271,0,1601,7,157000
3,1920,Bnk,290,1,438,290,0,438,2,60000
5,1971,Lvl,412,1,950,950,0,950,5,119500
6,1960,Lvl,588,1,1134,1010,0,1134,5,135000
6,1959,Lvl,655,2,1194,655,0,1194,6,159500
6,1970,Lvl,0,2,630,630,672,1302,5,106000
9,1994,Lvl,1032,2,1500,1463,1122,2622,8,325000
6,1990,Lvl,738,2,1442,910,0,1442,7,179900
9,2006,HLS,0,2,887,868,1134,2021,7,274725
7,2000,Lvl,0,2,948,924,742,1690,6,181000
7,2004,Lvl,1039,3,1836,1836,0,1836,8,280000
8,1995,Lvl,219,2,773,773,885,1658,6,188000
8,1976,Lvl,403,2,1098,803,866,1964,7,205000
5,1957,Lvl,708,1,816,816,0,816,5,129900
6,1953,Lvl,643,1,1008,1008,0,1008,5,134500
4,1954,Lvl,415,1,833,833,0,833,5,117000
7,2007,Lvl,1004,3,1734,1734,0,1734,8,318000
7,2002,Lvl,353,2,779,408,640,1419,8,184100
5,1967,Lvl,702,2,894,894,0,894,5,130000
6,1958,Lvl,0,1,1021,533,580,1601,5,140000
6,1959,Lvl,369,1,1040,1040,0,1040,5,133700
6,1920,Bnk,0,1,1012,1012,0,1012,6,118400
7,2005,Lvl,24,3,1552,1552,0,1552,7,212900
5,1956,Lvl,0,1,960,672,0,960,4,112000
4,1947,Lvl,0,0,698,698,0,698,5,118000
7,1992,Lvl,0,2,812,384,670,1482,7,163900
5,1955,Lvl,0,2,1005,1005,0,1005,4,115000
7,2007,Lvl,0,3,1555,1373,0,1555,7,174000
7,2004,Lvl,1300,3,1530,1530,0,1530,7,259000
8,2004,Lvl,0,2,847,847,1112,1959,7,215000
4,1980,Lvl,936,2,936,936,0,936,5,140000
7,1928,Lvl,622,2,1328,1122,653,1981,4,135000
5,1991,Lvl,212,0,974,974,0,974,5,93500
8,1880,Lvl,0,1,1178,1008,1032,2210,6,117500
8,1995,Lvl,584,2,1142,1128,878,2020,8,239500
7,1997,HLS,0,2,916,916,684,1600,6,169000
5,1926,Lvl,0,1,986,960,0,986,6,102000
6,1950,Lvl,280,1,1032,1032,220,1252,6,119000
6,1875,Lvl,0,0,780,780,240,1020,5,94000
5,1977,Lvl,1567,2,1567,1567,0,1567,6,196000
6,1920,Lvl,645,2,1167,915,0,1167,5,144000
4,1951,Lvl,852,2,952,952,0,952,5,139000
9,1976,Lvl,381,2,1088,780,780,1868,5,197500
11,2006,Lvl,1150,3,1466,1466,1362,2828,8,424870
5,1959,Lvl,288,0,1006,1006,0,1006,5,80000
5,1941,Lvl,348,1,672,672,252,924,4,80000
8,1928,Lvl,0,1,1042,1042,534,1576,5,149000
5,1985,Lvl,1258,2,1298,1298,0,1298,6,180000
7,1941,Bnk,275,1,860,704,704,1564,7,174500
5,1926,Lvl,0,1,572,572,539,1111,7,116900
7,1920,Lvl,624,2,832,650,650,1482,7,143000
4,1950,Lvl,0,1,932,932,0,932,6,124000
6,1959,Lvl,176,2,1466,1466,0,1466,5,149900
6,1956,Lvl,296,2,1811,1073,0,1811,6,230000
5,1930,Lvl,538,1,816,816,0,816,6,120500
8,1965,Lvl,454,2,902,864,918,1820,7,201800
6,1976,Lvl,1157,2,1437,1437,0,1437,5,218000
6,1965,Lvl,633,2,1265,1219,0,1265,5,179900
6,2007,Lvl,904,2,1314,1314,0,1314,7,230000
7,2007,Lvl,0,3,1580,1580,0,1580,8,235128
8,1974,Lvl,442,2,943,901,933,1876,6,185000
7,1978,Lvl,311,2,855,855,601,1456,6,146000
7,1954,Low,728,2,1640,1296,0,1640,6,224000
5,1968,Lvl,492,2,894,894,0,894,5,129000
6,1969,Lvl,1198,2,1258,1198,0,1258,4,108959
5,1978,Lvl,680,2,1432,1360,0,1432,5,194000
7,2009,Lvl,0,2,1502,1502,0,1502,7,233170
7,2008,Lvl,0,3,1694,1694,0,1694,8,245350
7,2000,Lvl,786,2,959,959,712,1671,6,173000
7,1935,Lvl,626,2,1236,1127,872,2108,6,235000
10,1995,Lvl,1387,3,1831,1930,1796,3627,10,625000
6,1977,Lvl,522,1,1118,1096,0,1118,6,171000
6,1958,Lvl,662,2,1261,1261,0,1261,6,163000
5,2006,Lvl,0,2,625,625,625,1250,7,171900
12,1946,Bnk,152,0,1636,1598,971,3086,5,200500
9,1932,Lvl,503,2,1170,952,1175,2345,6,239000
9,1992,Lvl,700,2,2129,1683,743,2872,8,285000
5,1984,Lvl,658,1,923,876,0,923,5,119500
5,1926,Bnk,468,1,818,818,406,1224,6,115000
7,1921,Lvl,0,1,820,731,523,1343,5,154900
5,1954,Lvl,0,0,1124,0,0,1124,5,93000
8,1990,Lvl,1216,2,1298,1216,1216,2514,7,250000
5,2008,HLS,1480,2,1652,1600,0,1652,8,392500
10,1996,Lvl,2096,3,2411,2396,2065,4476,10,745000
5,1920,Lvl,821,2,1130,1120,0,1130,5,120000
5,1963,Lvl,1159,3,1572,1572,0,1572,5,186700
7,1924,Lvl,392,1,949,784,272,1221,5,104900
7,1900,Bnk,440,2,1014,978,685,1699,3,95000
5,1994,Lvl,1456,3,1624,1624,0,1624,8,262000
7,2002,Lvl,0,2,831,831,829,1660,7,195000
7,1999,Lvl,0,2,1028,994,776,1804,7,189000
7,1961,Low,1159,4,1622,1249,0,1622,4,168000
5,1999,Lvl,0,2,764,776,677,1441,8,174000
6,1925,Lvl,0,1,842,702,630,1472,5,125000
5,1999,Lvl,883,2,1224,1224,0,1224,6,165000
7,1969,Lvl,371,1,663,663,689,1352,6,158000
8,2005,Lvl,0,2,728,728,728,1456,6,176000
9,2006,Lvl,0,3,879,879,984,1863,7,219210
7,1916,Bnk,0,1,815,815,875,1690,7,144000
6,2001,Lvl,0,2,1212,1212,0,1212,7,178000
6,1963,Lvl,547,2,1382,1051,0,1382,4,148000
5,1970,Lvl,0,1,864,864,0,864,4,116050
6,1998,Lvl,0,2,866,866,913,1779,7,197900
5,1925,Lvl,0,1,884,884,464,1348,5,117000
6,2000,Lvl,0,2,1630,1630,0,1630,7,213000
6,1975,Lvl,788,2,1074,1056,0,1074,5,153500
7,1990,Lvl,485,3,2196,2158,0,2196,7,271900
5,1966,Lvl,1056,1,1056,1056,0,1056,4,107000
7,2003,Lvl,340,2,1700,1682,0,1700,6,200000
6,1962,Lvl,504,2,1283,931,0,1283,5,140000
8,2006,Lvl,1220,2,1660,1660,0,1660,8,290000
8,1992,Lvl,0,2,1055,1055,790,1845,6,189000
8,1988,Bnk,427,2,1080,559,672,1752,8,164000
4,1941,Lvl,344,1,672,672,0,672,4,113000
3,1965,Lvl,648,1,960,648,0,960,4,145000
6,1962,Lvl,784,1,999,925,0,999,5,134500
5,1966,Lvl,180,1,894,894,0,894,5,125000
8,1978,Lvl,0,2,1318,0,584,1902,6,112000
6,2009,Lvl,936,2,1314,1300,0,1314,8,229456
3,1947,Lvl,0,0,672,0,240,912,4,80500
7,1971,Lvl,0,0,672,672,546,1218,6,91500
5,1964,Lvl,312,1,912,912,0,912,5,115000
5,1968,Lvl,250,1,1211,952,0,1211,5,134000
7,1949,Lvl,196,1,1168,1040,678,1846,6,143000
7,1951,Lvl,756,2,2136,2136,0,2136,5,137900
8,2004,Lvl,724,2,788,788,702,1490,7,184000
6,1958,Lvl,507,1,1138,588,0,1138,6,145000
9,2007,Lvl,0,3,894,894,1039,1933,6,214000
5,1965,Lvl,595,2,912,912,0,912,5,147000
7,2008,Lvl,1540,3,1702,1702,0,1702,9,367294
7,1960,Lvl,666,1,1507,1075,0,1507,5,127000
12,1977,Lvl,498,2,1361,1361,1259,2620,5,190000
6,1962,Lvl,803,2,1190,1106,0,1190,5,132500
6,1962,Lvl,0,2,1224,0,0,1224,4,101800
6,1959,Lvl,1000,2,1188,1188,0,1188,5,142000
7,1911,Bnk,0,0,1024,940,940,1964,5,130000
9,1914,Lvl,0,1,892,747,892,1784,5,138887
6,2003,Lvl,0,2,764,764,862,1626,7,175500
8,2004,Lvl,0,2,847,847,1101,1948,7,195000
6,2005,Lvl,0,2,1141,1141,0,1141,6,142500
6,2006,HLS,428,2,1484,1476,0,1484,8,265900
8,2003,Lvl,550,2,884,884,884,1768,7,224900
7,2007,Lvl,0,3,1689,1689,0,1689,7,248328
6,1974,Lvl,885,2,1173,1053,0,1173,7,170000
7,2006,Lvl,1386,3,2076,2076,0,2076,10,465000
7,1929,HLS,0,2,792,792,725,1517,8,230000
7,1984,Lvl,0,2,1140,585,728,1868,6,178000
6,2005,Lvl,0,2,756,756,797,1553,7,186500
6,1976,Lvl,539,3,1034,1012,0,1034,6,169900
8,1917,Lvl,319,2,1134,735,924,2058,6,129500
6,1950,Lvl,534,1,988,876,0,988,5,119000
8,1968,Lvl,1065,2,2110,2110,0,2110,7,244000
6,2003,Lvl,0,2,1405,1405,0,1405,7,171750
5,1968,Lvl,510,1,874,864,0,874,5,130000
9,1974,Lvl,125,2,1516,1192,651,2167,7,294000
7,2003,Lvl,0,2,760,746,896,1656,7,165400
6,1931,Lvl,425,1,959,884,408,1367,6,127500
7,1994,Lvl,1314,2,1987,1986,0,1987,8,301500
4,1922,Lvl,0,0,864,864,0,864,5,99900
5,2005,Lvl,655,2,1166,856,0,1166,7,190000
6,1969,Lvl,602,2,1054,1054,0,1054,6,151000
7,1999,Lvl,0,2,892,841,783,1675,6,181000
5,1956,Lvl,504,1,1050,1050,0,1050,5,128900
8,1957,Lvl,0,1,1104,1104,684,1788,4,161500
8,1919,Lvl,0,2,1060,764,764,1824,6,180500
5,1998,Lvl,266,2,1337,1405,0,1337,6,181000
6,1999,Lvl,450,2,713,691,739,1452,7,183900
9,1910,Bnk,0,1,964,925,925,1889,7,122000
10,2008,HLS,0,3,2018,2002,0,2018,9,378500
11,1935,Lvl,192,3,1968,728,1479,3447,8,381000
7,1958,Lvl,460,1,874,874,650,1524,5,144000
4,1979,Low,1258,2,1332,1332,192,1524,7,260000
7,1968,Lvl,0,2,1489,1489,0,1489,6,185750
5,1965,Lvl,560,1,935,935,0,935,5,137000
5,1959,Lvl,719,1,1357,1019,0,1357,6,177000
8,1910,Lvl,0,2,661,661,589,1250,5,139000
10,1948,Lvl,220,2,928,928,992,1920,5,137000
6,1972,Lvl,593,2,735,723,660,1395,6,162000
7,1967,Lvl,528,2,1724,1680,0,1724,6,197900
7,2002,Lvl,804,2,1128,1128,903,2031,8,237000
6,1920,Lvl,0,2,698,698,430,1128,4,68400
6,2002,Lvl,788,2,1573,1573,0,1573,7,227000
6,1990,Lvl,1053,2,1339,1309,0,1339,7,180000
5,1977,Lvl,532,2,1040,1040,0,1040,5,150500
8,1971,Low,0,0,912,912,912,1824,6,139000
10,1919,Lvl,0,1,1699,804,748,2447,6,169000
6,1939,Lvl,0,1,825,780,587,1412,6,132500
6,1963,Lvl,569,2,1328,1328,0,1328,6,143000
7,1964,Low,812,2,1582,1624,0,1582,5,190000
5,2000,Lvl,1158,2,1659,1501,0,1659,8,278000
8,2006,Lvl,0,3,1120,1085,850,1970,8,281000
6,1964,Lvl,1014,2,1152,1152,0,1152,5,180500
6,1972,Lvl,231,1,630,630,672,1302,5,119500
11,1892,Lvl,0,1,1378,994,994,2372,5,107500
8,1976,Lvl,194,2,832,832,832,1664,7,162900
5,1955,Lvl,167,2,864,864,0,864,5,115000
5,1968,Lvl,1016,1,1052,1052,0,1052,5,138500
6,1963,Lvl,776,2,1128,1120,0,1128,5,155000
5,2005,Lvl,547,2,1072,547,0,1072,6,140000
12,2008,Bnk,5644,2,4692,6110,950,5642,10,160000
6,1959,Lvl,340,1,1246,1246,0,1246,5,154000
9,1999,Lvl,694,2,1005,978,978,1983,7,225000
7,1942,Bnk,547,1,753,771,741,1494,6,177500
8,1994,Lvl,740,3,1203,1165,1323,2526,8,290000
7,2005,Lvl,0,3,1616,1616,0,1616,7,232000
7,2004,Lvl,0,2,976,976,732,1708,7,130000
6,2006,Lvl,1572,2,1652,1652,0,1652,9,325000
6,2005,Lvl,0,2,1368,1368,0,1368,7,202500
5,1994,Lvl,746,2,990,990,0,990,5,138000
6,1948,Lvl,144,2,1122,924,0,1122,5,147000
6,1991,Lvl,1200,2,1294,1278,0,1294,6,179200
7,1959,Lvl,1406,2,1902,1902,0,1902,7,335000
6,2005,Lvl,925,2,1274,1274,0,1274,7,203000
9,1990,Lvl,482,2,1453,1453,1357,2810,8,302000
10,1999,Lvl,0,3,1422,1393,1177,2599,9,333168
5,1954,Lvl,732,1,948,948,0,948,4,119000
9,1969,Lvl,500,2,1092,952,1020,2112,6,206900
8,2008,Lvl,0,3,1630,1622,0,1630,8,295493
5,2006,Lvl,0,2,1352,1352,0,1352,7,208900
7,2001,Lvl,0,3,1787,1753,0,1787,8,275000
5,1954,Bnk,492,1,948,864,0,948,4,111000
6,1957,Lvl,189,2,1478,1478,0,1478,6,156500
4,1949,Lvl,0,1,720,0,0,720,3,72500
8,1992,Lvl,674,2,1061,750,862,1923,7,190000
5,1940,HLS,280,0,708,420,0,708,4,82500
7,2006,Lvl,0,3,1795,1795,0,1795,8,147000
5,1922,Lvl,0,0,796,796,0,796,4,55000
6,1931,Bnk,544,0,774,544,0,774,3,79000
5,1982,Lvl,641,1,816,816,0,816,5,130500
8,1920,Lvl,493,2,1584,1510,1208,2792,6,256000
8,1998,Lvl,0,2,955,935,677,1632,7,176500
7,2006,Lvl,0,3,1588,1588,0,1588,8,227000
6,1976,Lvl,483,2,954,911,0,954,5,132500
3,1938,Lvl,690,1,816,816,0,816,4,100000
6,1938,Lvl,0,1,803,803,557,1360,5,125500
7,1970,Lvl,765,2,765,765,600,1365,5,125000
6,1977,Lvl,686,2,1334,1350,0,1334,6,167900
8,1973,Lvl,0,2,1656,1656,0,1656,5,135000
4,1941,Bnk,0,0,693,693,0,693,4,52500
8,2002,Lvl,700,2,920,916,941,1861,7,200000
5,1972,Lvl,360,1,864,864,0,864,5,128500
5,1971,Lvl,0,4,872,858,0,872,4,123000
6,2003,Lvl,814,2,1114,1114,0,1114,6,155000
7,2002,Lvl,0,2,1284,1284,885,2169,8,228500
9,1928,Bnk,0,2,1172,896,741,1913,6,177000
8,2006,Lvl,0,2,728,728,728,1456,7,155835
5,1920,Lvl,250,1,960,960,0,960,4,108500
9,1968,Lvl,297,2,2156,1568,0,2156,7,262500
7,2006,HLS,80,3,1776,1732,0,1776,8,283463
5,1998,Low,1443,2,1494,1482,0,1494,7,215000
8,1872,Lvl,259,0,938,684,1215,2358,8,122000
12,1969,Lvl,500,4,1338,1248,1296,2634,5,200000
8,1962,Lvl,319,2,858,858,858,1716,6,171000
4,1937,Lvl,0,2,786,698,390,1176,6,134900
9,1995,Lvl,816,3,2053,2033,1185,3238,8,410000
7,2000,Lvl,735,3,992,992,873,1865,7,235000
8,1968,Lvl,0,2,1222,570,698,1920,7,170000
5,1966,Lvl,340,1,892,864,0,892,5,110000
6,1971,Lvl,734,2,1078,1078,0,1078,5,149900
5,2000,Lvl,378,2,769,756,804,1573,6,177500
8,2004,Lvl,1447,3,1980,1980,0,1980,9,315000
8,1921,Lvl,0,2,990,612,1611,2601,5,189000
7,2005,Low,1274,2,1530,1530,0,1530,7,260000
7,1920,Lvl,0,1,1281,715,457,1738,4,104900
6,2006,Lvl,0,2,616,616,796,1412,6,156932
4,2005,Lvl,0,2,520,600,600,1200,7,144152
7,2000,Lvl,533,2,814,814,860,1674,7,216000
7,1999,Lvl,633,2,882,873,908,1790,7,193000
6,1977,Lvl,548,1,925,757,550,1475,5,127000
4,2003,Lvl,685,2,848,848,0,848,6,144000
8,2003,Lvl,370,2,1668,1657,0,1668,8,232000
6,1920,Lvl,315,1,840,840,534,1374,4,105000
8,1955,Lvl,831,1,1661,992,0,1661,6,165500
8,1998,Lvl,975,2,1108,1108,989,2097,7,274300
8,2001,Lvl,1282,3,2633,2633,0,2633,10,466500
9,2005,Lvl,0,3,1026,1026,932,1958,7,250000
7,2007,HLS,0,3,1571,1571,0,1571,8,239000
4,1930,Bnk,384,1,790,768,0,790,6,91000
6,1941,Lvl,408,2,984,984,620,1604,5,117000
5,1973,Lvl,309,1,483,483,504,987,6,83000
7,2006,Lvl,0,2,754,384,640,1394,5,167500
5,1914,Lvl,203,1,864,864,0,864,3,58500
7,1970,Lvl,865,2,2117,1205,0,2117,6,237500
8,1920,Lvl,0,2,998,596,764,1762,7,157000
7,1918,Lvl,0,2,1416,816,0,1416,5,112000
6,1939,Lvl,204,1,698,560,560,1258,6,105000
7,1922,Lvl,735,1,796,796,358,1154,4,125500
12,1978,Lvl,790,2,1392,1392,1392,2784,7,250000
10,1916,Lvl,168,1,1664,714,862,2526,6,136000
7,2006,HLS,1320,3,1746,1746,0,1746,9,377500
6,1941,Lvl,375,2,869,735,349,1218,6,131000
6,2000,Lvl,1400,2,1525,1525,0,1525,7,235000
8,1967,Lvl,0,3,1584,1584,0,1584,5,124000
6,1967,Lvl,769,1,900,864,0,900,5,123000
7,1905,Lvl,0,2,1221,482,691,1912,6,163000
6,2006,Lvl,1070,3,1500,1356,0,1500,7,246578
9,2005,Lvl,0,3,1133,1094,1349,2482,8,281213
7,1948,Bnk,353,2,1687,747,0,1687,5,160000
8,1920,Lvl,0,1,939,939,574,1513,5,137500
7,1950,Lvl,180,1,1136,1208,768,1904,5,138000
7,1925,Lvl,264,1,1160,976,448,1608,6,137450
5,1929,Lvl,0,1,950,862,208,1158,6,120000
8,2004,Lvl,759,2,864,839,729,1593,6,193000
6,2006,Lvl,0,2,1294,1286,0,1294,7,193879
6,2007,Lvl,929,3,1464,1485,0,1464,8,282922
6,1915,Lvl,0,3,694,672,520,1214,3,105000
5,2004,HLS,1373,2,1646,1594,0,1646,8,275000
5,1972,Lvl,656,2,768,768,0,768,5,133000
5,1985,Lvl,625,0,833,833,0,833,5,112000
6,1910,Lvl,0,2,741,622,622,1363,4,125500
7,1986,Lvl,0,2,1236,791,857,2093,7,215000
6,2001,Lvl,666,2,944,944,896,1840,7,230000
6,1950,Lvl,120,1,1112,856,556,1668,6,140000
6,1949,Lvl,0,2,1040,0,0,1040,4,90000
7,2005,Lvl,976,2,1844,1844,0,1844,8,257000
8,1923,Bnk,0,2,1053,833,795,1848,6,207000
7,2007,Lvl,988,3,1569,1386,0,1569,7,175900
11,1885,Lvl,0,2,1246,777,1044,2290,4,122500
7,1998,Lvl,781,3,1310,1284,1140,2450,8,340000
6,1963,Lvl,25,1,1144,1144,0,1144,5,124000
7,1969,Lvl,1110,2,1844,1844,0,1844,6,223000
7,1968,Lvl,404,2,708,708,708,1416,6,179900
4,1977,Lvl,360,2,1069,1069,0,1069,6,127500
3,2003,Lvl,686,2,848,848,0,848,6,136500
8,1966,Lvl,0,2,1575,697,626,2201,6,274970
6,1958,Lvl,457,1,1344,1024,0,1344,5,144000
7,1959,Lvl,0,2,1252,1252,0,1252,6,142000
5,1994,Lvl,1000,2,1223,1223,904,2127,7,271000
6,1945,Bnk,580,1,1048,913,510,1558,5,140000
4,1940,Lvl,510,1,804,788,0,804,5,119000
7,1981,Lvl,678,2,1440,1440,0,1440,6,182900
7,2005,Lvl,0,2,734,732,1104,1838,5,192140
5,1976,Lvl,958,2,958,958,0,958,6,143750
5,1927,Lvl,0,1,968,656,0,968,4,64500
8,2000,Lvl,0,2,962,936,830,1792,6,186500
5,1977,Low,936,2,1126,1126,0,1126,5,160000
7,1962,Lvl,0,2,1537,1319,0,1537,6,174000
5,1971,Lvl,616,2,864,864,0,864,4,120500
7,2008,Lvl,1336,3,1932,1932,0,1932,8,394617
6,1957,Lvl,600,2,1236,912,0,1236,6,149700
6,1979,Lvl,315,2,1040,539,685,1725,7,197000
11,1922,Bnk,0,2,1423,588,748,2555,6,191000
3,2004,Lvl,697,2,848,848,0,848,6,149300
10,2008,Lvl,765,3,1026,1017,981,2007,10,310000
4,1916,Lvl,0,1,952,952,0,952,6,121000
7,2004,Lvl,0,2,1422,1422,0,1422,7,179600
6,1966,Lvl,187,1,913,814,0,913,6,129000
6,1962,Lvl,593,1,1188,1188,0,1188,5,157900
8,1995,Lvl,1079,2,1220,1220,870,2090,8,240000
6,1910,Lvl,0,1,796,560,550,1346,4,112000
3,1970,Lvl,553,0,630,630,0,630,5,92000
8,1974,Lvl,0,0,896,896,896,1792,5,136000
7,2008,Lvl,0,3,1578,1573,0,1578,8,287090
5,2005,Lvl,547,2,1072,547,0,1072,5,145000
6,2006,Lvl,0,0,1140,1140,0,1140,5,84500
6,2004,Lvl,410,2,1221,1221,0,1221,7,185000
7,1999,Lvl,0,2,953,953,694,1647,6,175000
7,1978,Lvl,790,2,2073,1542,0,2073,6,210000
9,1941,Lvl,275,1,1188,1152,1152,2340,7,266500
5,1950,Lvl,49,1,1078,1078,0,1078,5,142125
6,1965,Lvl,830,1,1256,1256,0,1256,5,147500
